"Level","ProvinceID","Province","MunicipalityID","Municipality","AgeGroup","Male","Female","Total","ScrapedOn"
"National","","","","","18-19","310817","388468","699285","2026-09-22"
"National","","","","","20-29","2157066","2686054","4843120","2026-09-22"
"National","","","","","30-39","3119990","3658207","6778197","2026-09-22"
"National","","","","","40-49","2994409","3317260","6311669","2026-09-22"
"National","","","","","50-59","2209498","2602506","4812004","2026-09-22"
"National","","","","","60-69","1405513","1925725","3331238","2026-09-22"
"National","","","","","70-79","642923","1030826","1673749","2026-09-22"
"National","","","","","80+","231184","542606","773790","2026-09-22"
"Province","1","Eastern Cape","","","18-19","52438","59820","112258","2026-09-22"
"Province","1","Eastern Cape","","","20-29","293484","337880","631364","2026-09-22"
"Province","1","Eastern Cape","","","30-39","361896","419480","781376","2026-09-22"
"Province","1","Eastern Cape","","","40-49","322634","378005","700639","2026-09-22"
"Province","1","Eastern Cape","","","50-59","237488","324566","562054","2026-09-22"
"Province","1","Eastern Cape","","","60-69","181677","274364","456041","2026-09-22"
"Province","1","Eastern Cape","","","70-79","90089","153333","243422","2026-09-22"
"Province","1","Eastern Cape","","","80+","43224","97371","140595","2026-09-22"
"Municipality","1","Eastern Cape","1117","BUF - Buffalo City","18-19","4817","6096","10913","2026-09-22"
"Municipality","1","Eastern Cape","1117","BUF - Buffalo City","20-29","30124","39633","69757","2026-09-22"
"Municipality","1","Eastern Cape","1117","BUF - Buffalo City","30-39","43000","54191","97191","2026-09-22"
"Municipality","1","Eastern Cape","1117","BUF - Buffalo City","40-49","46159","54257","100416","2026-09-22"
"Municipality","1","Eastern Cape","1117","BUF - Buffalo City","50-59","36238","45397","81635","2026-09-22"
"Municipality","1","Eastern Cape","1117","BUF - Buffalo City","60-69","24052","35612","59664","2026-09-22"
"Municipality","1","Eastern Cape","1117","BUF - Buffalo City","70-79","10482","16857","27339","2026-09-22"
"Municipality","1","Eastern Cape","1117","BUF - Buffalo City","80+","3511","8138","11649","2026-09-22"
"Municipality","1","Eastern Cape","1102","EC101 - Dr. Beyers Naude","18-19","510","641","1151","2026-09-22"
"Municipality","1","Eastern Cape","1102","EC101 - Dr. Beyers Naude","20-29","3187","4088","7275","2026-09-22"
"Municipality","1","Eastern Cape","1102","EC101 - Dr. Beyers Naude","30-39","4313","5017","9330","2026-09-22"
"Municipality","1","Eastern Cape","1102","EC101 - Dr. Beyers Naude","40-49","4095","4656","8751","2026-09-22"
"Municipality","1","Eastern Cape","1102","EC101 - Dr. Beyers Naude","50-59","3473","3971","7444","2026-09-22"
"Municipality","1","Eastern Cape","1102","EC101 - Dr. Beyers Naude","60-69","2387","3144","5531","2026-09-22"
"Municipality","1","Eastern Cape","1102","EC101 - Dr. Beyers Naude","70-79","1037","1627","2664","2026-09-22"
"Municipality","1","Eastern Cape","1102","EC101 - Dr. Beyers Naude","80+","345","730","1075","2026-09-22"
"Municipality","1","Eastern Cape","1103","EC102 - Blue Crane Route","18-19","324","345","669","2026-09-22"
"Municipality","1","Eastern Cape","1103","EC102 - Blue Crane Route","20-29","1394","1533","2927","2026-09-22"
"Municipality","1","Eastern Cape","1103","EC102 - Blue Crane Route","30-39","1739","2112","3851","2026-09-22"
"Municipality","1","Eastern Cape","1103","EC102 - Blue Crane Route","40-49","1809","2037","3846","2026-09-22"
"Municipality","1","Eastern Cape","1103","EC102 - Blue Crane Route","50-59","1678","1870","3548","2026-09-22"
"Municipality","1","Eastern Cape","1103","EC102 - Blue Crane Route","60-69","1184","1519","2703","2026-09-22"
"Municipality","1","Eastern Cape","1103","EC102 - Blue Crane Route","70-79","503","773","1276","2026-09-22"
"Municipality","1","Eastern Cape","1103","EC102 - Blue Crane Route","80+","171","330","501","2026-09-22"
"Municipality","1","Eastern Cape","1105","EC104 - Makana","18-19","541","761","1302","2026-09-22"
"Municipality","1","Eastern Cape","1105","EC104 - Makana","20-29","3472","5384","8856","2026-09-22"
"Municipality","1","Eastern Cape","1105","EC104 - Makana","30-39","4283","5144","9427","2026-09-22"
"Municipality","1","Eastern Cape","1105","EC104 - Makana","40-49","4440","5148","9588","2026-09-22"
"Municipality","1","Eastern Cape","1105","EC104 - Makana","50-59","3646","4526","8172","2026-09-22"
"Municipality","1","Eastern Cape","1105","EC104 - Makana","60-69","2473","3540","6013","2026-09-22"
"Municipality","1","Eastern Cape","1105","EC104 - Makana","70-79","1002","1690","2692","2026-09-22"
"Municipality","1","Eastern Cape","1105","EC104 - Makana","80+","294","724","1018","2026-09-22"
"Municipality","1","Eastern Cape","1106","EC105 - Ndlambe","18-19","480","526","1006","2026-09-22"
"Municipality","1","Eastern Cape","1106","EC105 - Ndlambe","20-29","2372","2743","5115","2026-09-22"
"Municipality","1","Eastern Cape","1106","EC105 - Ndlambe","30-39","3125","3679","6804","2026-09-22"
"Municipality","1","Eastern Cape","1106","EC105 - Ndlambe","40-49","3268","3873","7141","2026-09-22"
"Municipality","1","Eastern Cape","1106","EC105 - Ndlambe","50-59","3078","3833","6911","2026-09-22"
"Municipality","1","Eastern Cape","1106","EC105 - Ndlambe","60-69","2453","3366","5819","2026-09-22"
"Municipality","1","Eastern Cape","1106","EC105 - Ndlambe","70-79","1443","1954","3397","2026-09-22"
"Municipality","1","Eastern Cape","1106","EC105 - Ndlambe","80+","571","1003","1574","2026-09-22"
"Municipality","1","Eastern Cape","1107","EC106 - Sundays River Valley","18-19","295","316","611","2026-09-22"
"Municipality","1","Eastern Cape","1107","EC106 - Sundays River Valley","20-29","1939","2213","4152","2026-09-22"
"Municipality","1","Eastern Cape","1107","EC106 - Sundays River Valley","30-39","2870","3130","6000","2026-09-22"
"Municipality","1","Eastern Cape","1107","EC106 - Sundays River Valley","40-49","2937","3128","6065","2026-09-22"
"Municipality","1","Eastern Cape","1107","EC106 - Sundays River Valley","50-59","2587","2824","5411","2026-09-22"
"Municipality","1","Eastern Cape","1107","EC106 - Sundays River Valley","60-69","1446","1824","3270","2026-09-22"
"Municipality","1","Eastern Cape","1107","EC106 - Sundays River Valley","70-79","552","751","1303","2026-09-22"
"Municipality","1","Eastern Cape","1107","EC106 - Sundays River Valley","80+","160","347","507","2026-09-22"
"Municipality","1","Eastern Cape","1109","EC108 - Kouga","18-19","655","816","1471","2026-09-22"
"Municipality","1","Eastern Cape","1109","EC108 - Kouga","20-29","4177","5167","9344","2026-09-22"
"Municipality","1","Eastern Cape","1109","EC108 - Kouga","30-39","6281","7449","13730","2026-09-22"
"Municipality","1","Eastern Cape","1109","EC108 - Kouga","40-49","6685","7281","13966","2026-09-22"
"Municipality","1","Eastern Cape","1109","EC108 - Kouga","50-59","5674","6290","11964","2026-09-22"
"Municipality","1","Eastern Cape","1109","EC108 - Kouga","60-69","4271","5320","9591","2026-09-22"
"Municipality","1","Eastern Cape","1109","EC108 - Kouga","70-79","2519","3236","5755","2026-09-22"
"Municipality","1","Eastern Cape","1109","EC108 - Kouga","80+","973","1598","2571","2026-09-22"
"Municipality","1","Eastern Cape","1110","EC109 - Kou-Kamma","18-19","273","331","604","2026-09-22"
"Municipality","1","Eastern Cape","1110","EC109 - Kou-Kamma","20-29","2172","2320","4492","2026-09-22"
"Municipality","1","Eastern Cape","1110","EC109 - Kou-Kamma","30-39","2739","2831","5570","2026-09-22"
"Municipality","1","Eastern Cape","1110","EC109 - Kou-Kamma","40-49","2501","2609","5110","2026-09-22"
"Municipality","1","Eastern Cape","1110","EC109 - Kou-Kamma","50-59","2040","2126","4166","2026-09-22"
"Municipality","1","Eastern Cape","1110","EC109 - Kou-Kamma","60-69","1199","1360","2559","2026-09-22"
"Municipality","1","Eastern Cape","1110","EC109 - Kou-Kamma","70-79","473","615","1088","2026-09-22"
"Municipality","1","Eastern Cape","1110","EC109 - Kou-Kamma","80+","138","231","369","2026-09-22"
"Municipality","1","Eastern Cape","1113","EC121 - Mbhashe","18-19","1484","1734","3218","2026-09-22"
"Municipality","1","Eastern Cape","1113","EC121 - Mbhashe","20-29","10210","11572","21782","2026-09-22"
"Municipality","1","Eastern Cape","1113","EC121 - Mbhashe","30-39","13637","15643","29280","2026-09-22"
"Municipality","1","Eastern Cape","1113","EC121 - Mbhashe","40-49","10079","12890","22969","2026-09-22"
"Municipality","1","Eastern Cape","1113","EC121 - Mbhashe","50-59","6661","11763","18424","2026-09-22"
"Municipality","1","Eastern Cape","1113","EC121 - Mbhashe","60-69","7017","11180","18197","2026-09-22"
"Municipality","1","Eastern Cape","1113","EC121 - Mbhashe","70-79","3946","7086","11032","2026-09-22"
"Municipality","1","Eastern Cape","1113","EC121 - Mbhashe","80+","2917","5815","8732","2026-09-22"
"Municipality","1","Eastern Cape","1114","EC122 - Mnquma","18-19","1648","1876","3524","2026-09-22"
"Municipality","1","Eastern Cape","1114","EC122 - Mnquma","20-29","9263","10260","19523","2026-09-22"
"Municipality","1","Eastern Cape","1114","EC122 - Mnquma","30-39","12570","12995","25565","2026-09-22"
"Municipality","1","Eastern Cape","1114","EC122 - Mnquma","40-49","10495","11117","21612","2026-09-22"
"Municipality","1","Eastern Cape","1114","EC122 - Mnquma","50-59","7467","11105","18572","2026-09-22"
"Municipality","1","Eastern Cape","1114","EC122 - Mnquma","60-69","6783","11098","17881","2026-09-22"
"Municipality","1","Eastern Cape","1114","EC122 - Mnquma","70-79","3896","6953","10849","2026-09-22"
"Municipality","1","Eastern Cape","1114","EC122 - Mnquma","80+","1963","4764","6727","2026-09-22"
"Municipality","1","Eastern Cape","1115","EC123 - Great Kei","18-19","370","453","823","2026-09-22"
"Municipality","1","Eastern Cape","1115","EC123 - Great Kei","20-29","1636","1591","3227","2026-09-22"
"Municipality","1","Eastern Cape","1115","EC123 - Great Kei","30-39","1934","2064","3998","2026-09-22"
"Municipality","1","Eastern Cape","1115","EC123 - Great Kei","40-49","2144","2064","4208","2026-09-22"
"Municipality","1","Eastern Cape","1115","EC123 - Great Kei","50-59","1508","1903","3411","2026-09-22"
"Municipality","1","Eastern Cape","1115","EC123 - Great Kei","60-69","1227","1718","2945","2026-09-22"
"Municipality","1","Eastern Cape","1115","EC123 - Great Kei","70-79","624","785","1409","2026-09-22"
"Municipality","1","Eastern Cape","1115","EC123 - Great Kei","80+","249","537","786","2026-09-22"
"Municipality","1","Eastern Cape","1116","EC124 - Amahlathi","18-19","564","595","1159","2026-09-22"
"Municipality","1","Eastern Cape","1116","EC124 - Amahlathi","20-29","3443","3672","7115","2026-09-22"
"Municipality","1","Eastern Cape","1116","EC124 - Amahlathi","30-39","5117","5075","10192","2026-09-22"
"Municipality","1","Eastern Cape","1116","EC124 - Amahlathi","40-49","4932","5068","10000","2026-09-22"
"Municipality","1","Eastern Cape","1116","EC124 - Amahlathi","50-59","3921","4674","8595","2026-09-22"
"Municipality","1","Eastern Cape","1116","EC124 - Amahlathi","60-69","3183","4607","7790","2026-09-22"
"Municipality","1","Eastern Cape","1116","EC124 - Amahlathi","70-79","1438","2298","3736","2026-09-22"
"Municipality","1","Eastern Cape","1116","EC124 - Amahlathi","80+","494","1198","1692","2026-09-22"
"Municipality","1","Eastern Cape","1118","EC126 - Ngqushwa","18-19","570","548","1118","2026-09-22"
"Municipality","1","Eastern Cape","1118","EC126 - Ngqushwa","20-29","2802","2541","5343","2026-09-22"
"Municipality","1","Eastern Cape","1118","EC126 - Ngqushwa","30-39","3629","3537","7166","2026-09-22"
"Municipality","1","Eastern Cape","1118","EC126 - Ngqushwa","40-49","3530","3363","6893","2026-09-22"
"Municipality","1","Eastern Cape","1118","EC126 - Ngqushwa","50-59","2740","3553","6293","2026-09-22"
"Municipality","1","Eastern Cape","1118","EC126 - Ngqushwa","60-69","2455","3441","5896","2026-09-22"
"Municipality","1","Eastern Cape","1118","EC126 - Ngqushwa","70-79","1322","2083","3405","2026-09-22"
"Municipality","1","Eastern Cape","1118","EC126 - Ngqushwa","80+","490","1383","1873","2026-09-22"
"Municipality","1","Eastern Cape","1147","EC129 - Raymond Mhlaba","18-19","1390","1934","3324","2026-09-22"
"Municipality","1","Eastern Cape","1147","EC129 - Raymond Mhlaba","20-29","8400","9547","17947","2026-09-22"
"Municipality","1","Eastern Cape","1147","EC129 - Raymond Mhlaba","30-39","8120","8861","16981","2026-09-22"
"Municipality","1","Eastern Cape","1147","EC129 - Raymond Mhlaba","40-49","7587","7887","15474","2026-09-22"
"Municipality","1","Eastern Cape","1147","EC129 - Raymond Mhlaba","50-59","6494","7897","14391","2026-09-22"
"Municipality","1","Eastern Cape","1147","EC129 - Raymond Mhlaba","60-69","5167","7284","12451","2026-09-22"
"Municipality","1","Eastern Cape","1147","EC129 - Raymond Mhlaba","70-79","2372","3953","6325","2026-09-22"
"Municipality","1","Eastern Cape","1147","EC129 - Raymond Mhlaba","80+","913","2197","3110","2026-09-22"
"Municipality","1","Eastern Cape","1122","EC131 - Inxuba Yethemba","18-19","510","563","1073","2026-09-22"
"Municipality","1","Eastern Cape","1122","EC131 - Inxuba Yethemba","20-29","2817","3090","5907","2026-09-22"
"Municipality","1","Eastern Cape","1122","EC131 - Inxuba Yethemba","30-39","3217","3739","6956","2026-09-22"
"Municipality","1","Eastern Cape","1122","EC131 - Inxuba Yethemba","40-49","3200","3541","6741","2026-09-22"
"Municipality","1","Eastern Cape","1122","EC131 - Inxuba Yethemba","50-59","2603","3199","5802","2026-09-22"
"Municipality","1","Eastern Cape","1122","EC131 - Inxuba Yethemba","60-69","1679","2365","4044","2026-09-22"
"Municipality","1","Eastern Cape","1122","EC131 - Inxuba Yethemba","70-79","711","1201","1912","2026-09-22"
"Municipality","1","Eastern Cape","1122","EC131 - Inxuba Yethemba","80+","192","495","687","2026-09-22"
"Municipality","1","Eastern Cape","1126","EC135 - Intsika Yethu","18-19","1169","1015","2184","2026-09-22"
"Municipality","1","Eastern Cape","1126","EC135 - Intsika Yethu","20-29","6046","5369","11415","2026-09-22"
"Municipality","1","Eastern Cape","1126","EC135 - Intsika Yethu","30-39","8025","7572","15597","2026-09-22"
"Municipality","1","Eastern Cape","1126","EC135 - Intsika Yethu","40-49","6867","6707","13574","2026-09-22"
"Municipality","1","Eastern Cape","1126","EC135 - Intsika Yethu","50-59","4739","6829","11568","2026-09-22"
"Municipality","1","Eastern Cape","1126","EC135 - Intsika Yethu","60-69","4605","7345","11950","2026-09-22"
"Municipality","1","Eastern Cape","1126","EC135 - Intsika Yethu","70-79","2783","4956","7739","2026-09-22"
"Municipality","1","Eastern Cape","1126","EC135 - Intsika Yethu","80+","1636","3659","5295","2026-09-22"
"Municipality","1","Eastern Cape","1127","EC136 - Emalahleni","18-19","747","745","1492","2026-09-22"
"Municipality","1","Eastern Cape","1127","EC136 - Emalahleni","20-29","4839","4550","9389","2026-09-22"
"Municipality","1","Eastern Cape","1127","EC136 - Emalahleni","30-39","6537","6145","12682","2026-09-22"
"Municipality","1","Eastern Cape","1127","EC136 - Emalahleni","40-49","5487","5435","10922","2026-09-22"
"Municipality","1","Eastern Cape","1127","EC136 - Emalahleni","50-59","4053","5487","9540","2026-09-22"
"Municipality","1","Eastern Cape","1127","EC136 - Emalahleni","60-69","4155","6365","10520","2026-09-22"
"Municipality","1","Eastern Cape","1127","EC136 - Emalahleni","70-79","2411","3859","6270","2026-09-22"
"Municipality","1","Eastern Cape","1127","EC136 - Emalahleni","80+","997","2332","3329","2026-09-22"
"Municipality","1","Eastern Cape","1128","EC137 - Dr. A.B. Xuma","18-19","885","1112","1997","2026-09-22"
"Municipality","1","Eastern Cape","1128","EC137 - Dr. A.B. Xuma","20-29","5158","6101","11259","2026-09-22"
"Municipality","1","Eastern Cape","1128","EC137 - Dr. A.B. Xuma","30-39","7545","8846","16391","2026-09-22"
"Municipality","1","Eastern Cape","1128","EC137 - Dr. A.B. Xuma","40-49","6300","7852","14152","2026-09-22"
"Municipality","1","Eastern Cape","1128","EC137 - Dr. A.B. Xuma","50-59","4639","7378","12017","2026-09-22"
"Municipality","1","Eastern Cape","1128","EC137 - Dr. A.B. Xuma","60-69","4318","6717","11035","2026-09-22"
"Municipality","1","Eastern Cape","1128","EC137 - Dr. A.B. Xuma","70-79","2460","4079","6539","2026-09-22"
"Municipality","1","Eastern Cape","1128","EC137 - Dr. A.B. Xuma","80+","1443","3026","4469","2026-09-22"
"Municipality","1","Eastern Cape","1129","EC138 - Sakhisizwe","18-19","496","584","1080","2026-09-22"
"Municipality","1","Eastern Cape","1129","EC138 - Sakhisizwe","20-29","2644","2618","5262","2026-09-22"
"Municipality","1","Eastern Cape","1129","EC138 - Sakhisizwe","30-39","3636","3672","7308","2026-09-22"
"Municipality","1","Eastern Cape","1129","EC138 - Sakhisizwe","40-49","3102","3117","6219","2026-09-22"
"Municipality","1","Eastern Cape","1129","EC138 - Sakhisizwe","50-59","2209","2966","5175","2026-09-22"
"Municipality","1","Eastern Cape","1129","EC138 - Sakhisizwe","60-69","1963","2888","4851","2026-09-22"
"Municipality","1","Eastern Cape","1129","EC138 - Sakhisizwe","70-79","1140","1639","2779","2026-09-22"
"Municipality","1","Eastern Cape","1129","EC138 - Sakhisizwe","80+","421","929","1350","2026-09-22"
"Municipality","1","Eastern Cape","1149","EC139 - Enoch Mgijima","18-19","1555","1883","3438","2026-09-22"
"Municipality","1","Eastern Cape","1149","EC139 - Enoch Mgijima","20-29","9034","10433","19467","2026-09-22"
"Municipality","1","Eastern Cape","1149","EC139 - Enoch Mgijima","30-39","12493","13977","26470","2026-09-22"
"Municipality","1","Eastern Cape","1149","EC139 - Enoch Mgijima","40-49","11984","13475","25459","2026-09-22"
"Municipality","1","Eastern Cape","1149","EC139 - Enoch Mgijima","50-59","9382","12207","21589","2026-09-22"
"Municipality","1","Eastern Cape","1149","EC139 - Enoch Mgijima","60-69","7167","11124","18291","2026-09-22"
"Municipality","1","Eastern Cape","1149","EC139 - Enoch Mgijima","70-79","3584","5993","9577","2026-09-22"
"Municipality","1","Eastern Cape","1149","EC139 - Enoch Mgijima","80+","1129","2746","3875","2026-09-22"
"Municipality","1","Eastern Cape","1131","EC141 - Elundini","18-19","777","697","1474","2026-09-22"
"Municipality","1","Eastern Cape","1131","EC141 - Elundini","20-29","5553","5129","10682","2026-09-22"
"Municipality","1","Eastern Cape","1131","EC141 - Elundini","30-39","7288","7073","14361","2026-09-22"
"Municipality","1","Eastern Cape","1131","EC141 - Elundini","40-49","5864","6011","11875","2026-09-22"
"Municipality","1","Eastern Cape","1131","EC141 - Elundini","50-59","3989","5828","9817","2026-09-22"
"Municipality","1","Eastern Cape","1131","EC141 - Elundini","60-69","3478","5732","9210","2026-09-22"
"Municipality","1","Eastern Cape","1131","EC141 - Elundini","70-79","2097","3481","5578","2026-09-22"
"Municipality","1","Eastern Cape","1131","EC141 - Elundini","80+","1199","2601","3800","2026-09-22"
"Municipality","1","Eastern Cape","1132","EC142 - Senqu","18-19","923","1073","1996","2026-09-22"
"Municipality","1","Eastern Cape","1132","EC142 - Senqu","20-29","5183","6226","11409","2026-09-22"
"Municipality","1","Eastern Cape","1132","EC142 - Senqu","30-39","6889","7693","14582","2026-09-22"
"Municipality","1","Eastern Cape","1132","EC142 - Senqu","40-49","6151","6944","13095","2026-09-22"
"Municipality","1","Eastern Cape","1132","EC142 - Senqu","50-59","4372","5686","10058","2026-09-22"
"Municipality","1","Eastern Cape","1132","EC142 - Senqu","60-69","3729","5549","9278","2026-09-22"
"Municipality","1","Eastern Cape","1132","EC142 - Senqu","70-79","1944","3390","5334","2026-09-22"
"Municipality","1","Eastern Cape","1132","EC142 - Senqu","80+","738","1958","2696","2026-09-22"
"Municipality","1","Eastern Cape","1148","EC145 - Walter Sisulu","18-19","533","689","1222","2026-09-22"
"Municipality","1","Eastern Cape","1148","EC145 - Walter Sisulu","20-29","3371","4347","7718","2026-09-22"
"Municipality","1","Eastern Cape","1148","EC145 - Walter Sisulu","30-39","4111","4788","8899","2026-09-22"
"Municipality","1","Eastern Cape","1148","EC145 - Walter Sisulu","40-49","4177","4666","8843","2026-09-22"
"Municipality","1","Eastern Cape","1148","EC145 - Walter Sisulu","50-59","3127","3565","6692","2026-09-22"
"Municipality","1","Eastern Cape","1148","EC145 - Walter Sisulu","60-69","1925","2746","4671","2026-09-22"
"Municipality","1","Eastern Cape","1148","EC145 - Walter Sisulu","70-79","940","1450","2390","2026-09-22"
"Municipality","1","Eastern Cape","1148","EC145 - Walter Sisulu","80+","310","669","979","2026-09-22"
"Municipality","1","Eastern Cape","1138","EC153 - Ngquza Hill","18-19","2863","3097","5960","2026-09-22"
"Municipality","1","Eastern Cape","1138","EC153 - Ngquza Hill","20-29","15750","16855","32605","2026-09-22"
"Municipality","1","Eastern Cape","1138","EC153 - Ngquza Hill","30-39","17142","19935","37077","2026-09-22"
"Municipality","1","Eastern Cape","1138","EC153 - Ngquza Hill","40-49","12816","16233","29049","2026-09-22"
"Municipality","1","Eastern Cape","1138","EC153 - Ngquza Hill","50-59","7261","12220","19481","2026-09-22"
"Municipality","1","Eastern Cape","1138","EC153 - Ngquza Hill","60-69","5858","9701","15559","2026-09-22"
"Municipality","1","Eastern Cape","1138","EC153 - Ngquza Hill","70-79","3003","5726","8729","2026-09-22"
"Municipality","1","Eastern Cape","1138","EC153 - Ngquza Hill","80+","2759","5805","8564","2026-09-22"
"Municipality","1","Eastern Cape","1139","EC154 - Port St Johns","18-19","2648","2795","5443","2026-09-22"
"Municipality","1","Eastern Cape","1139","EC154 - Port St Johns","20-29","11910","12146","24056","2026-09-22"
"Municipality","1","Eastern Cape","1139","EC154 - Port St Johns","30-39","10288","12122","22410","2026-09-22"
"Municipality","1","Eastern Cape","1139","EC154 - Port St Johns","40-49","7221","9039","16260","2026-09-22"
"Municipality","1","Eastern Cape","1139","EC154 - Port St Johns","50-59","4089","6745","10834","2026-09-22"
"Municipality","1","Eastern Cape","1139","EC154 - Port St Johns","60-69","3332","5533","8865","2026-09-22"
"Municipality","1","Eastern Cape","1139","EC154 - Port St Johns","70-79","1780","3284","5064","2026-09-22"
"Municipality","1","Eastern Cape","1139","EC154 - Port St Johns","80+","1224","2730","3954","2026-09-22"
"Municipality","1","Eastern Cape","1140","EC155 - Nyandeni","18-19","2687","3075","5762","2026-09-22"
"Municipality","1","Eastern Cape","1140","EC155 - Nyandeni","20-29","15279","16270","31549","2026-09-22"
"Municipality","1","Eastern Cape","1140","EC155 - Nyandeni","30-39","16826","19560","36386","2026-09-22"
"Municipality","1","Eastern Cape","1140","EC155 - Nyandeni","40-49","12208","16677","28885","2026-09-22"
"Municipality","1","Eastern Cape","1140","EC155 - Nyandeni","50-59","7363","12703","20066","2026-09-22"
"Municipality","1","Eastern Cape","1140","EC155 - Nyandeni","60-69","6067","9761","15828","2026-09-22"
"Municipality","1","Eastern Cape","1140","EC155 - Nyandeni","70-79","2987","5578","8565","2026-09-22"
"Municipality","1","Eastern Cape","1140","EC155 - Nyandeni","80+","2015","4624","6639","2026-09-22"
"Municipality","1","Eastern Cape","1141","EC156 - Kumkani Mhlontlo","18-19","1844","1941","3785","2026-09-22"
"Municipality","1","Eastern Cape","1141","EC156 - Kumkani Mhlontlo","20-29","9255","8931","18186","2026-09-22"
"Municipality","1","Eastern Cape","1141","EC156 - Kumkani Mhlontlo","30-39","11747","11977","23724","2026-09-22"
"Municipality","1","Eastern Cape","1141","EC156 - Kumkani Mhlontlo","40-49","8527","9814","18341","2026-09-22"
"Municipality","1","Eastern Cape","1141","EC156 - Kumkani Mhlontlo","50-59","5508","8546","14054","2026-09-22"
"Municipality","1","Eastern Cape","1141","EC156 - Kumkani Mhlontlo","60-69","4728","7857","12585","2026-09-22"
"Municipality","1","Eastern Cape","1141","EC156 - Kumkani Mhlontlo","70-79","2548","4852","7400","2026-09-22"
"Municipality","1","Eastern Cape","1141","EC156 - Kumkani Mhlontlo","80+","1516","3675","5191","2026-09-22"
"Municipality","1","Eastern Cape","1142","EC157 - King Sabata Dalindyebo","18-19","2937","3663","6600","2026-09-22"
"Municipality","1","Eastern Cape","1142","EC157 - King Sabata Dalindyebo","20-29","21902","26775","48677","2026-09-22"
"Municipality","1","Eastern Cape","1142","EC157 - King Sabata Dalindyebo","30-39","26502","33447","59949","2026-09-22"
"Municipality","1","Eastern Cape","1142","EC157 - King Sabata Dalindyebo","40-49","20369","27723","48092","2026-09-22"
"Municipality","1","Eastern Cape","1142","EC157 - King Sabata Dalindyebo","50-59","13259","21855","35114","2026-09-22"
"Municipality","1","Eastern Cape","1142","EC157 - King Sabata Dalindyebo","60-69","10145","16593","26738","2026-09-22"
"Municipality","1","Eastern Cape","1142","EC157 - King Sabata Dalindyebo","70-79","4972","9062","14034","2026-09-22"
"Municipality","1","Eastern Cape","1142","EC157 - King Sabata Dalindyebo","80+","3063","7021","10084","2026-09-22"
"Municipality","1","Eastern Cape","4034","EC441 - Matatiele","18-19","1388","1392","2780","2026-09-22"
"Municipality","1","Eastern Cape","4034","EC441 - Matatiele","20-29","10361","10490","20851","2026-09-22"
"Municipality","1","Eastern Cape","4034","EC441 - Matatiele","30-39","11761","12653","24414","2026-09-22"
"Municipality","1","Eastern Cape","4034","EC441 - Matatiele","40-49","8651","10265","18916","2026-09-22"
"Municipality","1","Eastern Cape","4034","EC441 - Matatiele","50-59","5687","8579","14266","2026-09-22"
"Municipality","1","Eastern Cape","4034","EC441 - Matatiele","60-69","5026","8125","13151","2026-09-22"
"Municipality","1","Eastern Cape","4034","EC441 - Matatiele","70-79","2707","5233","7940","2026-09-22"
"Municipality","1","Eastern Cape","4034","EC441 - Matatiele","80+","1430","3705","5135","2026-09-22"
"Municipality","1","Eastern Cape","1031","EC442 - Umzimvubu","18-19","2427","2410","4837","2026-09-22"
"Municipality","1","Eastern Cape","1031","EC442 - Umzimvubu","20-29","11797","12179","23976","2026-09-22"
"Municipality","1","Eastern Cape","1031","EC442 - Umzimvubu","30-39","13291","14275","27566","2026-09-22"
"Municipality","1","Eastern Cape","1031","EC442 - Umzimvubu","40-49","9764","11257","21021","2026-09-22"
"Municipality","1","Eastern Cape","1031","EC442 - Umzimvubu","50-59","5797","9113","14910","2026-09-22"
"Municipality","1","Eastern Cape","1031","EC442 - Umzimvubu","60-69","4685","7835","12520","2026-09-22"
"Municipality","1","Eastern Cape","1031","EC442 - Umzimvubu","70-79","2339","5005","7344","2026-09-22"
"Municipality","1","Eastern Cape","1031","EC442 - Umzimvubu","80+","1317","3738","5055","2026-09-22"
"Municipality","1","Eastern Cape","1136","EC443 - Winnie Madikizela-Mandela","18-19","2752","3115","5867","2026-09-22"
"Municipality","1","Eastern Cape","1136","EC443 - Winnie Madikizela-Mandela","20-29","16001","17779","33780","2026-09-22"
"Municipality","1","Eastern Cape","1136","EC443 - Winnie Madikizela-Mandela","30-39","16423","20186","36609","2026-09-22"
"Municipality","1","Eastern Cape","1136","EC443 - Winnie Madikizela-Mandela","40-49","11349","15489","26838","2026-09-22"
"Municipality","1","Eastern Cape","1136","EC443 - Winnie Madikizela-Mandela","50-59","6602","12355","18957","2026-09-22"
"Municipality","1","Eastern Cape","1136","EC443 - Winnie Madikizela-Mandela","60-69","5609","9734","15343","2026-09-22"
"Municipality","1","Eastern Cape","1136","EC443 - Winnie Madikizela-Mandela","70-79","2709","5263","7972","2026-09-22"
"Municipality","1","Eastern Cape","1136","EC443 - Winnie Madikizela-Mandela","80+","2165","5288","7453","2026-09-22"
"Municipality","1","Eastern Cape","1137","EC444 - Ntabankulu","18-19","1772","1777","3549","2026-09-22"
"Municipality","1","Eastern Cape","1137","EC444 - Ntabankulu","20-29","9172","9303","18475","2026-09-22"
"Municipality","1","Eastern Cape","1137","EC444 - Ntabankulu","30-39","8362","9476","17838","2026-09-22"
"Municipality","1","Eastern Cape","1137","EC444 - Ntabankulu","40-49","6277","7223","13500","2026-09-22"
"Municipality","1","Eastern Cape","1137","EC444 - Ntabankulu","50-59","3306","5187","8493","2026-09-22"
"Municipality","1","Eastern Cape","1137","EC444 - Ntabankulu","60-69","2682","4610","7292","2026-09-22"
"Municipality","1","Eastern Cape","1137","EC444 - Ntabankulu","70-79","1448","2909","4357","2026-09-22"
"Municipality","1","Eastern Cape","1137","EC444 - Ntabankulu","80+","1332","2946","4278","2026-09-22"
"Municipality","1","Eastern Cape","1001","NMA - Nelson Mandela Bay","18-19","9604","11222","20826","2026-09-22"
"Municipality","1","Eastern Cape","1001","NMA - Nelson Mandela Bay","20-29","42821","57025","99846","2026-09-22"
"Municipality","1","Eastern Cape","1001","NMA - Nelson Mandela Bay","30-39","56456","70616","127072","2026-09-22"
"Municipality","1","Eastern Cape","1001","NMA - Nelson Mandela Bay","40-49","61659","71159","132818","2026-09-22"
"Municipality","1","Eastern Cape","1001","NMA - Nelson Mandela Bay","50-59","52298","62386","114684","2026-09-22"
"Municipality","1","Eastern Cape","1001","NMA - Nelson Mandela Bay","60-69","35229","48771","84000","2026-09-22"
"Municipality","1","Eastern Cape","1001","NMA - Nelson Mandela Bay","70-79","15917","25712","41629","2026-09-22"
"Municipality","1","Eastern Cape","1001","NMA - Nelson Mandela Bay","80+","5149","10429","15578","2026-09-22"
"Province","2","Free State","","","18-19","15772","19554","35326","2026-09-22"
"Province","2","Free State","","","20-29","106355","133100","239455","2026-09-22"
"Province","2","Free State","","","30-39","161154","187046","348200","2026-09-22"
"Province","2","Free State","","","40-49","159114","176319","335433","2026-09-22"
"Province","2","Free State","","","50-59","118584","140232","258816","2026-09-22"
"Province","2","Free State","","","60-69","76704","109229","185933","2026-09-22"
"Province","2","Free State","","","70-79","33633","58616","92249","2026-09-22"
"Province","2","Free State","","","80+","10627","26988","37615","2026-09-22"
"Municipality","2","Free State","2202","FS161 - Letsemeng","18-19","252","340","592","2026-09-22"
"Municipality","2","Free State","2202","FS161 - Letsemeng","20-29","1818","2036","3854","2026-09-22"
"Municipality","2","Free State","2202","FS161 - Letsemeng","30-39","2216","2612","4828","2026-09-22"
"Municipality","2","Free State","2202","FS161 - Letsemeng","40-49","1998","2232","4230","2026-09-22"
"Municipality","2","Free State","2202","FS161 - Letsemeng","50-59","1624","1957","3581","2026-09-22"
"Municipality","2","Free State","2202","FS161 - Letsemeng","60-69","1161","1401","2562","2026-09-22"
"Municipality","2","Free State","2202","FS161 - Letsemeng","70-79","509","656","1165","2026-09-22"
"Municipality","2","Free State","2202","FS161 - Letsemeng","80+","129","289","418","2026-09-22"
"Municipality","2","Free State","2203","FS162 - Kopanong","18-19","290","357","647","2026-09-22"
"Municipality","2","Free State","2203","FS162 - Kopanong","20-29","1801","2283","4084","2026-09-22"
"Municipality","2","Free State","2203","FS162 - Kopanong","30-39","2847","3400","6247","2026-09-22"
"Municipality","2","Free State","2203","FS162 - Kopanong","40-49","2828","3032","5860","2026-09-22"
"Municipality","2","Free State","2203","FS162 - Kopanong","50-59","2150","2522","4672","2026-09-22"
"Municipality","2","Free State","2203","FS162 - Kopanong","60-69","1453","1876","3329","2026-09-22"
"Municipality","2","Free State","2203","FS162 - Kopanong","70-79","649","1074","1723","2026-09-22"
"Municipality","2","Free State","2203","FS162 - Kopanong","80+","220","460","680","2026-09-22"
"Municipality","2","Free State","2204","FS163 - Mohokare","18-19","234","261","495","2026-09-22"
"Municipality","2","Free State","2204","FS163 - Mohokare","20-29","1486","1921","3407","2026-09-22"
"Municipality","2","Free State","2204","FS163 - Mohokare","30-39","2123","2395","4518","2026-09-22"
"Municipality","2","Free State","2204","FS163 - Mohokare","40-49","1867","2112","3979","2026-09-22"
"Municipality","2","Free State","2204","FS163 - Mohokare","50-59","1415","1682","3097","2026-09-22"
"Municipality","2","Free State","2204","FS163 - Mohokare","60-69","851","1314","2165","2026-09-22"
"Municipality","2","Free State","2204","FS163 - Mohokare","70-79","483","801","1284","2026-09-22"
"Municipality","2","Free State","2204","FS163 - Mohokare","80+","222","752","974","2026-09-22"
"Municipality","2","Free State","2210","FS181 - Masilonyana","18-19","364","461","825","2026-09-22"
"Municipality","2","Free State","2210","FS181 - Masilonyana","20-29","2513","2964","5477","2026-09-22"
"Municipality","2","Free State","2210","FS181 - Masilonyana","30-39","3267","3727","6994","2026-09-22"
"Municipality","2","Free State","2210","FS181 - Masilonyana","40-49","3530","3573","7103","2026-09-22"
"Municipality","2","Free State","2210","FS181 - Masilonyana","50-59","2842","2808","5650","2026-09-22"
"Municipality","2","Free State","2210","FS181 - Masilonyana","60-69","1615","2166","3781","2026-09-22"
"Municipality","2","Free State","2210","FS181 - Masilonyana","70-79","734","1255","1989","2026-09-22"
"Municipality","2","Free State","2210","FS181 - Masilonyana","80+","210","549","759","2026-09-22"
"Municipality","2","Free State","2211","FS182 - Tokologo","18-19","176","213","389","2026-09-22"
"Municipality","2","Free State","2211","FS182 - Tokologo","20-29","1234","1535","2769","2026-09-22"
"Municipality","2","Free State","2211","FS182 - Tokologo","30-39","1581","1924","3505","2026-09-22"
"Municipality","2","Free State","2211","FS182 - Tokologo","40-49","1544","1656","3200","2026-09-22"
"Municipality","2","Free State","2211","FS182 - Tokologo","50-59","1268","1349","2617","2026-09-22"
"Municipality","2","Free State","2211","FS182 - Tokologo","60-69","763","920","1683","2026-09-22"
"Municipality","2","Free State","2211","FS182 - Tokologo","70-79","312","521","833","2026-09-22"
"Municipality","2","Free State","2211","FS182 - Tokologo","80+","97","208","305","2026-09-22"
"Municipality","2","Free State","2212","FS183 - Tswelopele","18-19","271","351","622","2026-09-22"
"Municipality","2","Free State","2212","FS183 - Tswelopele","20-29","2212","2840","5052","2026-09-22"
"Municipality","2","Free State","2212","FS183 - Tswelopele","30-39","3192","3621","6813","2026-09-22"
"Municipality","2","Free State","2212","FS183 - Tswelopele","40-49","2850","3220","6070","2026-09-22"
"Municipality","2","Free State","2212","FS183 - Tswelopele","50-59","2025","2385","4410","2026-09-22"
"Municipality","2","Free State","2212","FS183 - Tswelopele","60-69","1338","1759","3097","2026-09-22"
"Municipality","2","Free State","2212","FS183 - Tswelopele","70-79","561","921","1482","2026-09-22"
"Municipality","2","Free State","2212","FS183 - Tswelopele","80+","151","397","548","2026-09-22"
"Municipality","2","Free State","2213","FS184 - Matjhabeng","18-19","1824","2175","3999","2026-09-22"
"Municipality","2","Free State","2213","FS184 - Matjhabeng","20-29","12620","15936","28556","2026-09-22"
"Municipality","2","Free State","2213","FS184 - Matjhabeng","30-39","22010","25432","47442","2026-09-22"
"Municipality","2","Free State","2213","FS184 - Matjhabeng","40-49","21959","23656","45615","2026-09-22"
"Municipality","2","Free State","2213","FS184 - Matjhabeng","50-59","16239","19211","35450","2026-09-22"
"Municipality","2","Free State","2213","FS184 - Matjhabeng","60-69","12757","16187","28944","2026-09-22"
"Municipality","2","Free State","2213","FS184 - Matjhabeng","70-79","4969","7337","12306","2026-09-22"
"Municipality","2","Free State","2213","FS184 - Matjhabeng","80+","1334","2793","4127","2026-09-22"
"Municipality","2","Free State","2214","FS185 - Nala","18-19","524","603","1127","2026-09-22"
"Municipality","2","Free State","2214","FS185 - Nala","20-29","3212","3652","6864","2026-09-22"
"Municipality","2","Free State","2214","FS185 - Nala","30-39","4150","5095","9245","2026-09-22"
"Municipality","2","Free State","2214","FS185 - Nala","40-49","4614","5130","9744","2026-09-22"
"Municipality","2","Free State","2214","FS185 - Nala","50-59","3315","3823","7138","2026-09-22"
"Municipality","2","Free State","2214","FS185 - Nala","60-69","2086","2923","5009","2026-09-22"
"Municipality","2","Free State","2214","FS185 - Nala","70-79","971","1769","2740","2026-09-22"
"Municipality","2","Free State","2214","FS185 - Nala","80+","283","752","1035","2026-09-22"
"Municipality","2","Free State","2216","FS191 - Setsoto","18-19","520","673","1193","2026-09-22"
"Municipality","2","Free State","2216","FS191 - Setsoto","20-29","3738","4570","8308","2026-09-22"
"Municipality","2","Free State","2216","FS191 - Setsoto","30-39","5991","7134","13125","2026-09-22"
"Municipality","2","Free State","2216","FS191 - Setsoto","40-49","6171","7237","13408","2026-09-22"
"Municipality","2","Free State","2216","FS191 - Setsoto","50-59","4591","5466","10057","2026-09-22"
"Municipality","2","Free State","2216","FS191 - Setsoto","60-69","2791","4443","7234","2026-09-22"
"Municipality","2","Free State","2216","FS191 - Setsoto","70-79","1470","2674","4144","2026-09-22"
"Municipality","2","Free State","2216","FS191 - Setsoto","80+","685","1942","2627","2026-09-22"
"Municipality","2","Free State","2217","FS192 - Dihlabeng","18-19","774","947","1721","2026-09-22"
"Municipality","2","Free State","2217","FS192 - Dihlabeng","20-29","5776","6765","12541","2026-09-22"
"Municipality","2","Free State","2217","FS192 - Dihlabeng","30-39","8382","9581","17963","2026-09-22"
"Municipality","2","Free State","2217","FS192 - Dihlabeng","40-49","8106","8991","17097","2026-09-22"
"Municipality","2","Free State","2217","FS192 - Dihlabeng","50-59","5968","6762","12730","2026-09-22"
"Municipality","2","Free State","2217","FS192 - Dihlabeng","60-69","3585","5218","8803","2026-09-22"
"Municipality","2","Free State","2217","FS192 - Dihlabeng","70-79","1615","2876","4491","2026-09-22"
"Municipality","2","Free State","2217","FS192 - Dihlabeng","80+","645","1569","2214","2026-09-22"
"Municipality","2","Free State","2218","FS193 - Nketoana","18-19","370","452","822","2026-09-22"
"Municipality","2","Free State","2218","FS193 - Nketoana","20-29","2408","2996","5404","2026-09-22"
"Municipality","2","Free State","2218","FS193 - Nketoana","30-39","3445","4129","7574","2026-09-22"
"Municipality","2","Free State","2218","FS193 - Nketoana","40-49","3309","4050","7359","2026-09-22"
"Municipality","2","Free State","2218","FS193 - Nketoana","50-59","2306","2871","5177","2026-09-22"
"Municipality","2","Free State","2218","FS193 - Nketoana","60-69","1512","2302","3814","2026-09-22"
"Municipality","2","Free State","2218","FS193 - Nketoana","70-79","698","1271","1969","2026-09-22"
"Municipality","2","Free State","2218","FS193 - Nketoana","80+","196","553","749","2026-09-22"
"Municipality","2","Free State","2219","FS194 - Maluti a Phofung","18-19","2066","2451","4517","2026-09-22"
"Municipality","2","Free State","2219","FS194 - Maluti a Phofung","20-29","12886","17433","30319","2026-09-22"
"Municipality","2","Free State","2219","FS194 - Maluti a Phofung","30-39","21615","25538","47153","2026-09-22"
"Municipality","2","Free State","2219","FS194 - Maluti a Phofung","40-49","18575","22838","41413","2026-09-22"
"Municipality","2","Free State","2219","FS194 - Maluti a Phofung","50-59","12304","17323","29627","2026-09-22"
"Municipality","2","Free State","2219","FS194 - Maluti a Phofung","60-69","8019","13940","21959","2026-09-22"
"Municipality","2","Free State","2219","FS194 - Maluti a Phofung","70-79","3449","7460","10909","2026-09-22"
"Municipality","2","Free State","2219","FS194 - Maluti a Phofung","80+","984","3016","4000","2026-09-22"
"Municipality","2","Free State","2220","FS195 - Phumelela","18-19","202","261","463","2026-09-22"
"Municipality","2","Free State","2220","FS195 - Phumelela","20-29","1773","2274","4047","2026-09-22"
"Municipality","2","Free State","2220","FS195 - Phumelela","30-39","2909","3396","6305","2026-09-22"
"Municipality","2","Free State","2220","FS195 - Phumelela","40-49","2759","2902","5661","2026-09-22"
"Municipality","2","Free State","2220","FS195 - Phumelela","50-59","2000","2255","4255","2026-09-22"
"Municipality","2","Free State","2220","FS195 - Phumelela","60-69","1338","1834","3172","2026-09-22"
"Municipality","2","Free State","2220","FS195 - Phumelela","70-79","587","942","1529","2026-09-22"
"Municipality","2","Free State","2220","FS195 - Phumelela","80+","166","393","559","2026-09-22"
"Municipality","2","Free State","2208","FS196 - Mantsopa","18-19","371","406","777","2026-09-22"
"Municipality","2","Free State","2208","FS196 - Mantsopa","20-29","2356","2634","4990","2026-09-22"
"Municipality","2","Free State","2208","FS196 - Mantsopa","30-39","3163","3588","6751","2026-09-22"
"Municipality","2","Free State","2208","FS196 - Mantsopa","40-49","3048","3237","6285","2026-09-22"
"Municipality","2","Free State","2208","FS196 - Mantsopa","50-59","2389","2604","4993","2026-09-22"
"Municipality","2","Free State","2208","FS196 - Mantsopa","60-69","1412","2109","3521","2026-09-22"
"Municipality","2","Free State","2208","FS196 - Mantsopa","70-79","677","1305","1982","2026-09-22"
"Municipality","2","Free State","2208","FS196 - Mantsopa","80+","307","775","1082","2026-09-22"
"Municipality","2","Free State","2222","FS201 - Moqhaka","18-19","1039","1162","2201","2026-09-22"
"Municipality","2","Free State","2222","FS201 - Moqhaka","20-29","5554","6335","11889","2026-09-22"
"Municipality","2","Free State","2222","FS201 - Moqhaka","30-39","7778","8889","16667","2026-09-22"
"Municipality","2","Free State","2222","FS201 - Moqhaka","40-49","8865","9335","18200","2026-09-22"
"Municipality","2","Free State","2222","FS201 - Moqhaka","50-59","6939","7454","14393","2026-09-22"
"Municipality","2","Free State","2222","FS201 - Moqhaka","60-69","4406","6310","10716","2026-09-22"
"Municipality","2","Free State","2222","FS201 - Moqhaka","70-79","1963","3591","5554","2026-09-22"
"Municipality","2","Free State","2222","FS201 - Moqhaka","80+","538","1594","2132","2026-09-22"
"Municipality","2","Free State","2223","FS203 - Ngwathe","18-19","497","616","1113","2026-09-22"
"Municipality","2","Free State","2223","FS203 - Ngwathe","20-29","3250","4054","7304","2026-09-22"
"Municipality","2","Free State","2223","FS203 - Ngwathe","30-39","4749","5915","10664","2026-09-22"
"Municipality","2","Free State","2223","FS203 - Ngwathe","40-49","5217","5914","11131","2026-09-22"
"Municipality","2","Free State","2223","FS203 - Ngwathe","50-59","4180","5018","9198","2026-09-22"
"Municipality","2","Free State","2223","FS203 - Ngwathe","60-69","2909","4075","6984","2026-09-22"
"Municipality","2","Free State","2223","FS203 - Ngwathe","70-79","1534","2513","4047","2026-09-22"
"Municipality","2","Free State","2223","FS203 - Ngwathe","80+","509","1205","1714","2026-09-22"
"Municipality","2","Free State","2224","FS204 - Metsimaholo","18-19","1259","1538","2797","2026-09-22"
"Municipality","2","Free State","2224","FS204 - Metsimaholo","20-29","8301","9715","18016","2026-09-22"
"Municipality","2","Free State","2224","FS204 - Metsimaholo","30-39","11887","12893","24780","2026-09-22"
"Municipality","2","Free State","2224","FS204 - Metsimaholo","40-49","12574","12627","25201","2026-09-22"
"Municipality","2","Free State","2224","FS204 - Metsimaholo","50-59","9161","9360","18521","2026-09-22"
"Municipality","2","Free State","2224","FS204 - Metsimaholo","60-69","5484","6758","12242","2026-09-22"
"Municipality","2","Free State","2224","FS204 - Metsimaholo","70-79","2318","3284","5602","2026-09-22"
"Municipality","2","Free State","2224","FS204 - Metsimaholo","80+","661","1328","1989","2026-09-22"
"Municipality","2","Free State","2225","FS205 - Mafube","18-19","387","474","861","2026-09-22"
"Municipality","2","Free State","2225","FS205 - Mafube","20-29","2183","2571","4754","2026-09-22"
"Municipality","2","Free State","2225","FS205 - Mafube","30-39","3193","4014","7207","2026-09-22"
"Municipality","2","Free State","2225","FS205 - Mafube","40-49","3472","3883","7355","2026-09-22"
"Municipality","2","Free State","2225","FS205 - Mafube","50-59","2358","2884","5242","2026-09-22"
"Municipality","2","Free State","2225","FS205 - Mafube","60-69","1627","2352","3979","2026-09-22"
"Municipality","2","Free State","2225","FS205 - Mafube","70-79","691","1305","1996","2026-09-22"
"Municipality","2","Free State","2225","FS205 - Mafube","80+","221","554","775","2026-09-22"
"Municipality","2","Free State","2207","MAN - Mangaung","18-19","4352","5813","10165","2026-09-22"
"Municipality","2","Free State","2207","MAN - Mangaung","20-29","31234","40586","71820","2026-09-22"
"Municipality","2","Free State","2207","MAN - Mangaung","30-39","46656","53763","100419","2026-09-22"
"Municipality","2","Free State","2207","MAN - Mangaung","40-49","45828","50694","96522","2026-09-22"
"Municipality","2","Free State","2207","MAN - Mangaung","50-59","35510","42498","78008","2026-09-22"
"Municipality","2","Free State","2207","MAN - Mangaung","60-69","21597","31342","52939","2026-09-22"
"Municipality","2","Free State","2207","MAN - Mangaung","70-79","9443","17061","26504","2026-09-22"
"Municipality","2","Free State","2207","MAN - Mangaung","80+","3069","7859","10928","2026-09-22"
"Province","3","Gauteng","","","18-19","42941","60535","103476","2026-09-22"
"Province","3","Gauteng","","","20-29","419376","552793","972169","2026-09-22"
"Province","3","Gauteng","","","30-39","735611","829210","1564821","2026-09-22"
"Province","3","Gauteng","","","40-49","795903","801513","1597416","2026-09-22"
"Province","3","Gauteng","","","50-59","621536","627781","1249317","2026-09-22"
"Province","3","Gauteng","","","60-69","349701","421433","771134","2026-09-22"
"Province","3","Gauteng","","","70-79","146143","209123","355266","2026-09-22"
"Province","3","Gauteng","","","80+","47409","88747","136156","2026-09-22"
"Municipality","3","Gauteng","3002","EKU - Ekurhuleni","18-19","9659","12945","22604","2026-09-22"
"Municipality","3","Gauteng","3002","EKU - Ekurhuleni","20-29","102797","130739","233536","2026-09-22"
"Municipality","3","Gauteng","3002","EKU - Ekurhuleni","30-39","199009","215909","414918","2026-09-22"
"Municipality","3","Gauteng","3002","EKU - Ekurhuleni","40-49","214276","203391","417667","2026-09-22"
"Municipality","3","Gauteng","3002","EKU - Ekurhuleni","50-59","161599","155576","317175","2026-09-22"
"Municipality","3","Gauteng","3002","EKU - Ekurhuleni","60-69","88296","103862","192158","2026-09-22"
"Municipality","3","Gauteng","3002","EKU - Ekurhuleni","70-79","34882","49110","83992","2026-09-22"
"Municipality","3","Gauteng","3002","EKU - Ekurhuleni","80+","10433","19254","29687","2026-09-22"
"Municipality","3","Gauteng","3302","GT421 - Emfuleni","18-19","2497","3876","6373","2026-09-22"
"Municipality","3","Gauteng","3302","GT421 - Emfuleni","20-29","22513","30921","53434","2026-09-22"
"Municipality","3","Gauteng","3302","GT421 - Emfuleni","30-39","36196","43337","79533","2026-09-22"
"Municipality","3","Gauteng","3302","GT421 - Emfuleni","40-49","40497","42694","83191","2026-09-22"
"Municipality","3","Gauteng","3302","GT421 - Emfuleni","50-59","32686","35897","68583","2026-09-22"
"Municipality","3","Gauteng","3302","GT421 - Emfuleni","60-69","21352","27753","49105","2026-09-22"
"Municipality","3","Gauteng","3302","GT421 - Emfuleni","70-79","9314","14105","23419","2026-09-22"
"Municipality","3","Gauteng","3302","GT421 - Emfuleni","80+","2570","5332","7902","2026-09-22"
"Municipality","3","Gauteng","3303","GT422 - Midvaal","18-19","519","641","1160","2026-09-22"
"Municipality","3","Gauteng","3303","GT422 - Midvaal","20-29","4213","4775","8988","2026-09-22"
"Municipality","3","Gauteng","3303","GT422 - Midvaal","30-39","6735","7405","14140","2026-09-22"
"Municipality","3","Gauteng","3303","GT422 - Midvaal","40-49","7320","7248","14568","2026-09-22"
"Municipality","3","Gauteng","3303","GT422 - Midvaal","50-59","6433","6304","12737","2026-09-22"
"Municipality","3","Gauteng","3303","GT422 - Midvaal","60-69","4212","4486","8698","2026-09-22"
"Municipality","3","Gauteng","3303","GT422 - Midvaal","70-79","1939","2419","4358","2026-09-22"
"Municipality","3","Gauteng","3303","GT422 - Midvaal","80+","626","996","1622","2026-09-22"
"Municipality","3","Gauteng","3304","GT423 - Lesedi","18-19","395","578","973","2026-09-22"
"Municipality","3","Gauteng","3304","GT423 - Lesedi","20-29","3684","4901","8585","2026-09-22"
"Municipality","3","Gauteng","3304","GT423 - Lesedi","30-39","5753","6884","12637","2026-09-22"
"Municipality","3","Gauteng","3304","GT423 - Lesedi","40-49","6185","6496","12681","2026-09-22"
"Municipality","3","Gauteng","3304","GT423 - Lesedi","50-59","4779","5023","9802","2026-09-22"
"Municipality","3","Gauteng","3304","GT423 - Lesedi","60-69","2986","3645","6631","2026-09-22"
"Municipality","3","Gauteng","3304","GT423 - Lesedi","70-79","1342","1884","3226","2026-09-22"
"Municipality","3","Gauteng","3304","GT423 - Lesedi","80+","419","785","1204","2026-09-22"
"Municipality","3","Gauteng","3040","GT481 - Mogale City","18-19","1382","1914","3296","2026-09-22"
"Municipality","3","Gauteng","3040","GT481 - Mogale City","20-29","12429","15860","28289","2026-09-22"
"Municipality","3","Gauteng","3040","GT481 - Mogale City","30-39","21391","23324","44715","2026-09-22"
"Municipality","3","Gauteng","3040","GT481 - Mogale City","40-49","23353","23331","46684","2026-09-22"
"Municipality","3","Gauteng","3040","GT481 - Mogale City","50-59","18652","19354","38006","2026-09-22"
"Municipality","3","Gauteng","3040","GT481 - Mogale City","60-69","11347","13669","25016","2026-09-22"
"Municipality","3","Gauteng","3040","GT481 - Mogale City","70-79","5064","6787","11851","2026-09-22"
"Municipality","3","Gauteng","3040","GT481 - Mogale City","80+","1594","2796","4390","2026-09-22"
"Municipality","3","Gauteng","3039","GT484 - Merafong City","18-19","654","896","1550","2026-09-22"
"Municipality","3","Gauteng","3039","GT484 - Merafong City","20-29","6303","7880","14183","2026-09-22"
"Municipality","3","Gauteng","3039","GT484 - Merafong City","30-39","11733","12131","23864","2026-09-22"
"Municipality","3","Gauteng","3039","GT484 - Merafong City","40-49","13250","11049","24299","2026-09-22"
"Municipality","3","Gauteng","3039","GT484 - Merafong City","50-59","9112","8287","17399","2026-09-22"
"Municipality","3","Gauteng","3039","GT484 - Merafong City","60-69","5576","6045","11621","2026-09-22"
"Municipality","3","Gauteng","3039","GT484 - Merafong City","70-79","2002","2530","4532","2026-09-22"
"Municipality","3","Gauteng","3039","GT484 - Merafong City","80+","540","910","1450","2026-09-22"
"Municipality","3","Gauteng","3332","GT485 - Rand West City","18-19","954","1322","2276","2026-09-22"
"Municipality","3","Gauteng","3332","GT485 - Rand West City","20-29","10004","13176","23180","2026-09-22"
"Municipality","3","Gauteng","3332","GT485 - Rand West City","30-39","16393","17342","33735","2026-09-22"
"Municipality","3","Gauteng","3332","GT485 - Rand West City","40-49","17310","15737","33047","2026-09-22"
"Municipality","3","Gauteng","3332","GT485 - Rand West City","50-59","12086","12558","24644","2026-09-22"
"Municipality","3","Gauteng","3332","GT485 - Rand West City","60-69","7591","8843","16434","2026-09-22"
"Municipality","3","Gauteng","3332","GT485 - Rand West City","70-79","2688","3764","6452","2026-09-22"
"Municipality","3","Gauteng","3332","GT485 - Rand West City","80+","799","1414","2213","2026-09-22"
"Municipality","3","Gauteng","3003","JHB - City of Johannesburg","18-19","14780","21320","36100","2026-09-22"
"Municipality","3","Gauteng","3003","JHB - City of Johannesburg","20-29","149141","200476","349617","2026-09-22"
"Municipality","3","Gauteng","3003","JHB - City of Johannesburg","30-39","268875","301406","570281","2026-09-22"
"Municipality","3","Gauteng","3003","JHB - City of Johannesburg","40-49","285840","292996","578836","2026-09-22"
"Municipality","3","Gauteng","3003","JHB - City of Johannesburg","50-59","223902","225591","449493","2026-09-22"
"Municipality","3","Gauteng","3003","JHB - City of Johannesburg","60-69","118362","144922","263284","2026-09-22"
"Municipality","3","Gauteng","3003","JHB - City of Johannesburg","70-79","48681","72584","121265","2026-09-22"
"Municipality","3","Gauteng","3003","JHB - City of Johannesburg","80+","17174","31335","48509","2026-09-22"
"Municipality","3","Gauteng","3004","TSH - City of Tshwane","18-19","12101","17043","29144","2026-09-22"
"Municipality","3","Gauteng","3004","TSH - City of Tshwane","20-29","108292","144065","252357","2026-09-22"
"Municipality","3","Gauteng","3004","TSH - City of Tshwane","30-39","169526","201472","370998","2026-09-22"
"Municipality","3","Gauteng","3004","TSH - City of Tshwane","40-49","187872","198571","386443","2026-09-22"
"Municipality","3","Gauteng","3004","TSH - City of Tshwane","50-59","152287","159191","311478","2026-09-22"
"Municipality","3","Gauteng","3004","TSH - City of Tshwane","60-69","89979","108208","198187","2026-09-22"
"Municipality","3","Gauteng","3004","TSH - City of Tshwane","70-79","40231","55940","96171","2026-09-22"
"Municipality","3","Gauteng","3004","TSH - City of Tshwane","80+","13254","25925","39179","2026-09-22"
"Province","4","KwaZulu-Natal","","","18-19","68588","86658","155246","2026-09-22"
"Province","4","KwaZulu-Natal","","","20-29","488561","622985","1111546","2026-09-22"
"Province","4","KwaZulu-Natal","","","30-39","708608","838653","1547261","2026-09-22"
"Province","4","KwaZulu-Natal","","","40-49","587926","677526","1265452","2026-09-22"
"Province","4","KwaZulu-Natal","","","50-59","383745","492508","876253","2026-09-22"
"Province","4","KwaZulu-Natal","","","60-69","237320","369600","606920","2026-09-22"
"Province","4","KwaZulu-Natal","","","70-79","114116","205660","319776","2026-09-22"
"Province","4","KwaZulu-Natal","","","80+","40876","105494","146370","2026-09-22"
"Municipality","4","KwaZulu-Natal","4005","ETH - eThekwini","18-19","14514","20319","34833","2026-09-22"
"Municipality","4","KwaZulu-Natal","4005","ETH - eThekwini","20-29","129951","178428","308379","2026-09-22"
"Municipality","4","KwaZulu-Natal","4005","ETH - eThekwini","30-39","242797","273819","516616","2026-09-22"
"Municipality","4","KwaZulu-Natal","4005","ETH - eThekwini","40-49","228097","240888","468985","2026-09-22"
"Municipality","4","KwaZulu-Natal","4005","ETH - eThekwini","50-59","153813","176008","329821","2026-09-22"
"Municipality","4","KwaZulu-Natal","4005","ETH - eThekwini","60-69","90203","126852","217055","2026-09-22"
"Municipality","4","KwaZulu-Natal","4005","ETH - eThekwini","70-79","42551","68953","111504","2026-09-22"
"Municipality","4","KwaZulu-Natal","4005","ETH - eThekwini","80+","14272","30407","44679","2026-09-22"
"Municipality","4","KwaZulu-Natal","4403","KZN212 - uMdoni","18-19","1399","1499","2898","2026-09-22"
"Municipality","4","KwaZulu-Natal","4403","KZN212 - uMdoni","20-29","6675","8352","15027","2026-09-22"
"Municipality","4","KwaZulu-Natal","4403","KZN212 - uMdoni","30-39","9333","10879","20212","2026-09-22"
"Municipality","4","KwaZulu-Natal","4403","KZN212 - uMdoni","40-49","7375","8425","15800","2026-09-22"
"Municipality","4","KwaZulu-Natal","4403","KZN212 - uMdoni","50-59","5066","6875","11941","2026-09-22"
"Municipality","4","KwaZulu-Natal","4403","KZN212 - uMdoni","60-69","3907","5958","9865","2026-09-22"
"Municipality","4","KwaZulu-Natal","4403","KZN212 - uMdoni","70-79","2174","3369","5543","2026-09-22"
"Municipality","4","KwaZulu-Natal","4403","KZN212 - uMdoni","80+","982","2177","3159","2026-09-22"
"Municipality","4","KwaZulu-Natal","4404","KZN213 - uMzumbe","18-19","1428","1653","3081","2026-09-22"
"Municipality","4","KwaZulu-Natal","4404","KZN213 - uMzumbe","20-29","7698","8552","16250","2026-09-22"
"Municipality","4","KwaZulu-Natal","4404","KZN213 - uMzumbe","30-39","9663","11004","20667","2026-09-22"
"Municipality","4","KwaZulu-Natal","4404","KZN213 - uMzumbe","40-49","7299","8337","15636","2026-09-22"
"Municipality","4","KwaZulu-Natal","4404","KZN213 - uMzumbe","50-59","4627","6734","11361","2026-09-22"
"Municipality","4","KwaZulu-Natal","4404","KZN213 - uMzumbe","60-69","3405","6095","9500","2026-09-22"
"Municipality","4","KwaZulu-Natal","4404","KZN213 - uMzumbe","70-79","1905","3390","5295","2026-09-22"
"Municipality","4","KwaZulu-Natal","4404","KZN213 - uMzumbe","80+","690","2120","2810","2026-09-22"
"Municipality","4","KwaZulu-Natal","4405","KZN214 - uMuziwabantu","18-19","980","1176","2156","2026-09-22"
"Municipality","4","KwaZulu-Natal","4405","KZN214 - uMuziwabantu","20-29","5314","5649","10963","2026-09-22"
"Municipality","4","KwaZulu-Natal","4405","KZN214 - uMuziwabantu","30-39","6188","7426","13614","2026-09-22"
"Municipality","4","KwaZulu-Natal","4405","KZN214 - uMuziwabantu","40-49","4175","5528","9703","2026-09-22"
"Municipality","4","KwaZulu-Natal","4405","KZN214 - uMuziwabantu","50-59","2544","4270","6814","2026-09-22"
"Municipality","4","KwaZulu-Natal","4405","KZN214 - uMuziwabantu","60-69","1795","3242","5037","2026-09-22"
"Municipality","4","KwaZulu-Natal","4405","KZN214 - uMuziwabantu","70-79","844","1684","2528","2026-09-22"
"Municipality","4","KwaZulu-Natal","4405","KZN214 - uMuziwabantu","80+","310","985","1295","2026-09-22"
"Municipality","4","KwaZulu-Natal","4407","KZN216 - Ray Nkonyeni","18-19","2638","3394","6032","2026-09-22"
"Municipality","4","KwaZulu-Natal","4407","KZN216 - Ray Nkonyeni","20-29","15461","18695","34156","2026-09-22"
"Municipality","4","KwaZulu-Natal","4407","KZN216 - Ray Nkonyeni","30-39","22245","26527","48772","2026-09-22"
"Municipality","4","KwaZulu-Natal","4407","KZN216 - Ray Nkonyeni","40-49","19363","22517","41880","2026-09-22"
"Municipality","4","KwaZulu-Natal","4407","KZN216 - Ray Nkonyeni","50-59","12507","17074","29581","2026-09-22"
"Municipality","4","KwaZulu-Natal","4407","KZN216 - Ray Nkonyeni","60-69","8642","13673","22315","2026-09-22"
"Municipality","4","KwaZulu-Natal","4407","KZN216 - Ray Nkonyeni","70-79","4755","7708","12463","2026-09-22"
"Municipality","4","KwaZulu-Natal","4407","KZN216 - Ray Nkonyeni","80+","1817","4160","5977","2026-09-22"
"Municipality","4","KwaZulu-Natal","4409","KZN221 - uMshwathi","18-19","858","901","1759","2026-09-22"
"Municipality","4","KwaZulu-Natal","4409","KZN221 - uMshwathi","20-29","5340","6599","11939","2026-09-22"
"Municipality","4","KwaZulu-Natal","4409","KZN221 - uMshwathi","30-39","7658","8313","15971","2026-09-22"
"Municipality","4","KwaZulu-Natal","4409","KZN221 - uMshwathi","40-49","5883","6370","12253","2026-09-22"
"Municipality","4","KwaZulu-Natal","4409","KZN221 - uMshwathi","50-59","3853","4974","8827","2026-09-22"
"Municipality","4","KwaZulu-Natal","4409","KZN221 - uMshwathi","60-69","2440","3874","6314","2026-09-22"
"Municipality","4","KwaZulu-Natal","4409","KZN221 - uMshwathi","70-79","1119","2295","3414","2026-09-22"
"Municipality","4","KwaZulu-Natal","4409","KZN221 - uMshwathi","80+","430","1264","1694","2026-09-22"
"Municipality","4","KwaZulu-Natal","4410","KZN222 - uMngeni","18-19","504","636","1140","2026-09-22"
"Municipality","4","KwaZulu-Natal","4410","KZN222 - uMngeni","20-29","4241","5067","9308","2026-09-22"
"Municipality","4","KwaZulu-Natal","4410","KZN222 - uMngeni","30-39","6226","7030","13256","2026-09-22"
"Municipality","4","KwaZulu-Natal","4410","KZN222 - uMngeni","40-49","5757","6688","12445","2026-09-22"
"Municipality","4","KwaZulu-Natal","4410","KZN222 - uMngeni","50-59","4617","5661","10278","2026-09-22"
"Municipality","4","KwaZulu-Natal","4410","KZN222 - uMngeni","60-69","2780","4058","6838","2026-09-22"
"Municipality","4","KwaZulu-Natal","4410","KZN222 - uMngeni","70-79","1914","3096","5010","2026-09-22"
"Municipality","4","KwaZulu-Natal","4410","KZN222 - uMngeni","80+","1206","2093","3299","2026-09-22"
"Municipality","4","KwaZulu-Natal","4411","KZN223 - Mpofana","18-19","207","276","483","2026-09-22"
"Municipality","4","KwaZulu-Natal","4411","KZN223 - Mpofana","20-29","1727","1903","3630","2026-09-22"
"Municipality","4","KwaZulu-Natal","4411","KZN223 - Mpofana","30-39","2209","2392","4601","2026-09-22"
"Municipality","4","KwaZulu-Natal","4411","KZN223 - Mpofana","40-49","1912","2113","4025","2026-09-22"
"Municipality","4","KwaZulu-Natal","4411","KZN223 - Mpofana","50-59","1326","1582","2908","2026-09-22"
"Municipality","4","KwaZulu-Natal","4411","KZN223 - Mpofana","60-69","739","1042","1781","2026-09-22"
"Municipality","4","KwaZulu-Natal","4411","KZN223 - Mpofana","70-79","326","556","882","2026-09-22"
"Municipality","4","KwaZulu-Natal","4411","KZN223 - Mpofana","80+","104","232","336","2026-09-22"
"Municipality","4","KwaZulu-Natal","4412","KZN224 - iMpendle","18-19","211","320","531","2026-09-22"
"Municipality","4","KwaZulu-Natal","4412","KZN224 - iMpendle","20-29","1866","2095","3961","2026-09-22"
"Municipality","4","KwaZulu-Natal","4412","KZN224 - iMpendle","30-39","2228","2397","4625","2026-09-22"
"Municipality","4","KwaZulu-Natal","4412","KZN224 - iMpendle","40-49","1583","1715","3298","2026-09-22"
"Municipality","4","KwaZulu-Natal","4412","KZN224 - iMpendle","50-59","994","1349","2343","2026-09-22"
"Municipality","4","KwaZulu-Natal","4412","KZN224 - iMpendle","60-69","720","1252","1972","2026-09-22"
"Municipality","4","KwaZulu-Natal","4412","KZN224 - iMpendle","70-79","373","835","1208","2026-09-22"
"Municipality","4","KwaZulu-Natal","4412","KZN224 - iMpendle","80+","154","503","657","2026-09-22"
"Municipality","4","KwaZulu-Natal","4413","KZN225 - Msunduzi","18-19","2775","3945","6720","2026-09-22"
"Municipality","4","KwaZulu-Natal","4413","KZN225 - Msunduzi","20-29","26597","35237","61834","2026-09-22"
"Municipality","4","KwaZulu-Natal","4413","KZN225 - Msunduzi","30-39","43232","50342","93574","2026-09-22"
"Municipality","4","KwaZulu-Natal","4413","KZN225 - Msunduzi","40-49","36843","42630","79473","2026-09-22"
"Municipality","4","KwaZulu-Natal","4413","KZN225 - Msunduzi","50-59","26210","33241","59451","2026-09-22"
"Municipality","4","KwaZulu-Natal","4413","KZN225 - Msunduzi","60-69","14864","22878","37742","2026-09-22"
"Municipality","4","KwaZulu-Natal","4413","KZN225 - Msunduzi","70-79","6748","13037","19785","2026-09-22"
"Municipality","4","KwaZulu-Natal","4413","KZN225 - Msunduzi","80+","2224","5351","7575","2026-09-22"
"Municipality","4","KwaZulu-Natal","4414","KZN226 - Mkhambathini","18-19","562","621","1183","2026-09-22"
"Municipality","4","KwaZulu-Natal","4414","KZN226 - Mkhambathini","20-29","3859","4490","8349","2026-09-22"
"Municipality","4","KwaZulu-Natal","4414","KZN226 - Mkhambathini","30-39","5449","6129","11578","2026-09-22"
"Municipality","4","KwaZulu-Natal","4414","KZN226 - Mkhambathini","40-49","4477","4956","9433","2026-09-22"
"Municipality","4","KwaZulu-Natal","4414","KZN226 - Mkhambathini","50-59","2847","3490","6337","2026-09-22"
"Municipality","4","KwaZulu-Natal","4414","KZN226 - Mkhambathini","60-69","1696","2518","4214","2026-09-22"
"Municipality","4","KwaZulu-Natal","4414","KZN226 - Mkhambathini","70-79","881","1441","2322","2026-09-22"
"Municipality","4","KwaZulu-Natal","4414","KZN226 - Mkhambathini","80+","320","845","1165","2026-09-22"
"Municipality","4","KwaZulu-Natal","4415","KZN227 - Richmond","18-19","524","685","1209","2026-09-22"
"Municipality","4","KwaZulu-Natal","4415","KZN227 - Richmond","20-29","3403","4060","7463","2026-09-22"
"Municipality","4","KwaZulu-Natal","4415","KZN227 - Richmond","30-39","4320","5125","9445","2026-09-22"
"Municipality","4","KwaZulu-Natal","4415","KZN227 - Richmond","40-49","3553","4039","7592","2026-09-22"
"Municipality","4","KwaZulu-Natal","4415","KZN227 - Richmond","50-59","2471","3220","5691","2026-09-22"
"Municipality","4","KwaZulu-Natal","4415","KZN227 - Richmond","60-69","1411","2260","3671","2026-09-22"
"Municipality","4","KwaZulu-Natal","4415","KZN227 - Richmond","70-79","767","1364","2131","2026-09-22"
"Municipality","4","KwaZulu-Natal","4415","KZN227 - Richmond","80+","332","957","1289","2026-09-22"
"Municipality","4","KwaZulu-Natal","4421","KZN235 - Okhahlamba","18-19","1094","1206","2300","2026-09-22"
"Municipality","4","KwaZulu-Natal","4421","KZN235 - Okhahlamba","20-29","5835","7872","13707","2026-09-22"
"Municipality","4","KwaZulu-Natal","4421","KZN235 - Okhahlamba","30-39","7592","10189","17781","2026-09-22"
"Municipality","4","KwaZulu-Natal","4421","KZN235 - Okhahlamba","40-49","6081","7761","13842","2026-09-22"
"Municipality","4","KwaZulu-Natal","4421","KZN235 - Okhahlamba","50-59","3870","5530","9400","2026-09-22"
"Municipality","4","KwaZulu-Natal","4421","KZN235 - Okhahlamba","60-69","2369","4090","6459","2026-09-22"
"Municipality","4","KwaZulu-Natal","4421","KZN235 - Okhahlamba","70-79","1225","2570","3795","2026-09-22"
"Municipality","4","KwaZulu-Natal","4421","KZN235 - Okhahlamba","80+","314","1115","1429","2026-09-22"
"Municipality","4","KwaZulu-Natal","4461","KZN237 - iNkosi Langalibalele","18-19","1363","1819","3182","2026-09-22"
"Municipality","4","KwaZulu-Natal","4461","KZN237 - iNkosi Langalibalele","20-29","9686","12974","22660","2026-09-22"
"Municipality","4","KwaZulu-Natal","4461","KZN237 - iNkosi Langalibalele","30-39","12522","15719","28241","2026-09-22"
"Municipality","4","KwaZulu-Natal","4461","KZN237 - iNkosi Langalibalele","40-49","9763","12492","22255","2026-09-22"
"Municipality","4","KwaZulu-Natal","4461","KZN237 - iNkosi Langalibalele","50-59","6066","8919","14985","2026-09-22"
"Municipality","4","KwaZulu-Natal","4461","KZN237 - iNkosi Langalibalele","60-69","3860","6647","10507","2026-09-22"
"Municipality","4","KwaZulu-Natal","4461","KZN237 - iNkosi Langalibalele","70-79","1802","4192","5994","2026-09-22"
"Municipality","4","KwaZulu-Natal","4461","KZN237 - iNkosi Langalibalele","80+","555","1765","2320","2026-09-22"
"Municipality","4","KwaZulu-Natal","4462","KZN238 - Alfred Duma","18-19","2717","3315","6032","2026-09-22"
"Municipality","4","KwaZulu-Natal","4462","KZN238 - Alfred Duma","20-29","15484","20308","35792","2026-09-22"
"Municipality","4","KwaZulu-Natal","4462","KZN238 - Alfred Duma","30-39","20571","26367","46938","2026-09-22"
"Municipality","4","KwaZulu-Natal","4462","KZN238 - Alfred Duma","40-49","16517","20703","37220","2026-09-22"
"Municipality","4","KwaZulu-Natal","4462","KZN238 - Alfred Duma","50-59","10137","14200","24337","2026-09-22"
"Municipality","4","KwaZulu-Natal","4462","KZN238 - Alfred Duma","60-69","6254","11577","17831","2026-09-22"
"Municipality","4","KwaZulu-Natal","4462","KZN238 - Alfred Duma","70-79","2831","6567","9398","2026-09-22"
"Municipality","4","KwaZulu-Natal","4462","KZN238 - Alfred Duma","80+","824","2886","3710","2026-09-22"
"Municipality","4","KwaZulu-Natal","4426","KZN241 - eNdumeni","18-19","524","616","1140","2026-09-22"
"Municipality","4","KwaZulu-Natal","4426","KZN241 - eNdumeni","20-29","3461","4302","7763","2026-09-22"
"Municipality","4","KwaZulu-Natal","4426","KZN241 - eNdumeni","30-39","4131","4837","8968","2026-09-22"
"Municipality","4","KwaZulu-Natal","4426","KZN241 - eNdumeni","40-49","3226","3834","7060","2026-09-22"
"Municipality","4","KwaZulu-Natal","4426","KZN241 - eNdumeni","50-59","2211","2848","5059","2026-09-22"
"Municipality","4","KwaZulu-Natal","4426","KZN241 - eNdumeni","60-69","1375","2131","3506","2026-09-22"
"Municipality","4","KwaZulu-Natal","4426","KZN241 - eNdumeni","70-79","650","1083","1733","2026-09-22"
"Municipality","4","KwaZulu-Natal","4426","KZN241 - eNdumeni","80+","208","477","685","2026-09-22"
"Municipality","4","KwaZulu-Natal","4427","KZN242 - Nqutu","18-19","1235","1537","2772","2026-09-22"
"Municipality","4","KwaZulu-Natal","4427","KZN242 - Nqutu","20-29","8678","10826","19504","2026-09-22"
"Municipality","4","KwaZulu-Natal","4427","KZN242 - Nqutu","30-39","9850","13099","22949","2026-09-22"
"Municipality","4","KwaZulu-Natal","4427","KZN242 - Nqutu","40-49","7189","9534","16723","2026-09-22"
"Municipality","4","KwaZulu-Natal","4427","KZN242 - Nqutu","50-59","4248","6626","10874","2026-09-22"
"Municipality","4","KwaZulu-Natal","4427","KZN242 - Nqutu","60-69","2934","5508","8442","2026-09-22"
"Municipality","4","KwaZulu-Natal","4427","KZN242 - Nqutu","70-79","1557","3283","4840","2026-09-22"
"Municipality","4","KwaZulu-Natal","4427","KZN242 - Nqutu","80+","493","1807","2300","2026-09-22"
"Municipality","4","KwaZulu-Natal","4429","KZN244 - uMsinga","18-19","2021","2506","4527","2026-09-22"
"Municipality","4","KwaZulu-Natal","4429","KZN244 - uMsinga","20-29","9237","13646","22883","2026-09-22"
"Municipality","4","KwaZulu-Natal","4429","KZN244 - uMsinga","30-39","9387","14575","23962","2026-09-22"
"Municipality","4","KwaZulu-Natal","4429","KZN244 - uMsinga","40-49","6328","10210","16538","2026-09-22"
"Municipality","4","KwaZulu-Natal","4429","KZN244 - uMsinga","50-59","4062","7878","11940","2026-09-22"
"Municipality","4","KwaZulu-Natal","4429","KZN244 - uMsinga","60-69","2832","6249","9081","2026-09-22"
"Municipality","4","KwaZulu-Natal","4429","KZN244 - uMsinga","70-79","1589","4282","5871","2026-09-22"
"Municipality","4","KwaZulu-Natal","4429","KZN244 - uMsinga","80+","617","2688","3305","2026-09-22"
"Municipality","4","KwaZulu-Natal","4430","KZN245 - uMvoti","18-19","960","1295","2255","2026-09-22"
"Municipality","4","KwaZulu-Natal","4430","KZN245 - uMvoti","20-29","5905","7924","13829","2026-09-22"
"Municipality","4","KwaZulu-Natal","4430","KZN245 - uMvoti","30-39","6853","9458","16311","2026-09-22"
"Municipality","4","KwaZulu-Natal","4430","KZN245 - uMvoti","40-49","4919","7068","11987","2026-09-22"
"Municipality","4","KwaZulu-Natal","4430","KZN245 - uMvoti","50-59","3231","5633","8864","2026-09-22"
"Municipality","4","KwaZulu-Natal","4430","KZN245 - uMvoti","60-69","2207","4473","6680","2026-09-22"
"Municipality","4","KwaZulu-Natal","4430","KZN245 - uMvoti","70-79","1114","2530","3644","2026-09-22"
"Municipality","4","KwaZulu-Natal","4430","KZN245 - uMvoti","80+","489","1563","2052","2026-09-22"
"Municipality","4","KwaZulu-Natal","4432","KZN252 - Newcastle","18-19","2785","3649","6434","2026-09-22"
"Municipality","4","KwaZulu-Natal","4432","KZN252 - Newcastle","20-29","17142","22305","39447","2026-09-22"
"Municipality","4","KwaZulu-Natal","4432","KZN252 - Newcastle","30-39","24625","27981","52606","2026-09-22"
"Municipality","4","KwaZulu-Natal","4432","KZN252 - Newcastle","40-49","19022","21996","41018","2026-09-22"
"Municipality","4","KwaZulu-Natal","4432","KZN252 - Newcastle","50-59","11927","15962","27889","2026-09-22"
"Municipality","4","KwaZulu-Natal","4432","KZN252 - Newcastle","60-69","7553","12443","19996","2026-09-22"
"Municipality","4","KwaZulu-Natal","4432","KZN252 - Newcastle","70-79","3588","6861","10449","2026-09-22"
"Municipality","4","KwaZulu-Natal","4432","KZN252 - Newcastle","80+","975","2614","3589","2026-09-22"
"Municipality","4","KwaZulu-Natal","4433","KZN253 - eMadlangeni","18-19","222","235","457","2026-09-22"
"Municipality","4","KwaZulu-Natal","4433","KZN253 - eMadlangeni","20-29","1848","2019","3867","2026-09-22"
"Municipality","4","KwaZulu-Natal","4433","KZN253 - eMadlangeni","30-39","2130","2320","4450","2026-09-22"
"Municipality","4","KwaZulu-Natal","4433","KZN253 - eMadlangeni","40-49","1730","1812","3542","2026-09-22"
"Municipality","4","KwaZulu-Natal","4433","KZN253 - eMadlangeni","50-59","1111","1265","2376","2026-09-22"
"Municipality","4","KwaZulu-Natal","4433","KZN253 - eMadlangeni","60-69","799","976","1775","2026-09-22"
"Municipality","4","KwaZulu-Natal","4433","KZN253 - eMadlangeni","70-79","372","476","848","2026-09-22"
"Municipality","4","KwaZulu-Natal","4433","KZN253 - eMadlangeni","80+","109","264","373","2026-09-22"
"Municipality","4","KwaZulu-Natal","4434","KZN254 - Dannhauser","18-19","788","1018","1806","2026-09-22"
"Municipality","4","KwaZulu-Natal","4434","KZN254 - Dannhauser","20-29","5270","6344","11614","2026-09-22"
"Municipality","4","KwaZulu-Natal","4434","KZN254 - Dannhauser","30-39","7142","8230","15372","2026-09-22"
"Municipality","4","KwaZulu-Natal","4434","KZN254 - Dannhauser","40-49","5263","6060","11323","2026-09-22"
"Municipality","4","KwaZulu-Natal","4434","KZN254 - Dannhauser","50-59","3083","4095","7178","2026-09-22"
"Municipality","4","KwaZulu-Natal","4434","KZN254 - Dannhauser","60-69","2055","3554","5609","2026-09-22"
"Municipality","4","KwaZulu-Natal","4434","KZN254 - Dannhauser","70-79","1044","2051","3095","2026-09-22"
"Municipality","4","KwaZulu-Natal","4434","KZN254 - Dannhauser","80+","277","877","1154","2026-09-22"
"Municipality","4","KwaZulu-Natal","4436","KZN261 - eDumbe","18-19","704","862","1566","2026-09-22"
"Municipality","4","KwaZulu-Natal","4436","KZN261 - eDumbe","20-29","5217","5721","10938","2026-09-22"
"Municipality","4","KwaZulu-Natal","4436","KZN261 - eDumbe","30-39","5571","6261","11832","2026-09-22"
"Municipality","4","KwaZulu-Natal","4436","KZN261 - eDumbe","40-49","3689","4449","8138","2026-09-22"
"Municipality","4","KwaZulu-Natal","4436","KZN261 - eDumbe","50-59","2126","2885","5011","2026-09-22"
"Municipality","4","KwaZulu-Natal","4436","KZN261 - eDumbe","60-69","1523","2466","3989","2026-09-22"
"Municipality","4","KwaZulu-Natal","4436","KZN261 - eDumbe","70-79","721","1310","2031","2026-09-22"
"Municipality","4","KwaZulu-Natal","4436","KZN261 - eDumbe","80+","277","806","1083","2026-09-22"
"Municipality","4","KwaZulu-Natal","4437","KZN262 - uPhongolo","18-19","1254","1462","2716","2026-09-22"
"Municipality","4","KwaZulu-Natal","4437","KZN262 - uPhongolo","20-29","7941","9210","17151","2026-09-22"
"Municipality","4","KwaZulu-Natal","4437","KZN262 - uPhongolo","30-39","8789","10407","19196","2026-09-22"
"Municipality","4","KwaZulu-Natal","4437","KZN262 - uPhongolo","40-49","6234","7459","13693","2026-09-22"
"Municipality","4","KwaZulu-Natal","4437","KZN262 - uPhongolo","50-59","3750","4991","8741","2026-09-22"
"Municipality","4","KwaZulu-Natal","4437","KZN262 - uPhongolo","60-69","2371","3805","6176","2026-09-22"
"Municipality","4","KwaZulu-Natal","4437","KZN262 - uPhongolo","70-79","1220","2277","3497","2026-09-22"
"Municipality","4","KwaZulu-Natal","4437","KZN262 - uPhongolo","80+","517","1646","2163","2026-09-22"
"Municipality","4","KwaZulu-Natal","4438","KZN263 - AbaQulusi","18-19","1381","1644","3025","2026-09-22"
"Municipality","4","KwaZulu-Natal","4438","KZN263 - AbaQulusi","20-29","10225","12361","22586","2026-09-22"
"Municipality","4","KwaZulu-Natal","4438","KZN263 - AbaQulusi","30-39","13264","15808","29072","2026-09-22"
"Municipality","4","KwaZulu-Natal","4438","KZN263 - AbaQulusi","40-49","10637","12540","23177","2026-09-22"
"Municipality","4","KwaZulu-Natal","4438","KZN263 - AbaQulusi","50-59","6507","8496","15003","2026-09-22"
"Municipality","4","KwaZulu-Natal","4438","KZN263 - AbaQulusi","60-69","4327","6962","11289","2026-09-22"
"Municipality","4","KwaZulu-Natal","4438","KZN263 - AbaQulusi","70-79","2066","3821","5887","2026-09-22"
"Municipality","4","KwaZulu-Natal","4438","KZN263 - AbaQulusi","80+","723","1800","2523","2026-09-22"
"Municipality","4","KwaZulu-Natal","4439","KZN265 - Nongoma","18-19","1575","1930","3505","2026-09-22"
"Municipality","4","KwaZulu-Natal","4439","KZN265 - Nongoma","20-29","11062","13955","25017","2026-09-22"
"Municipality","4","KwaZulu-Natal","4439","KZN265 - Nongoma","30-39","12989","17547","30536","2026-09-22"
"Municipality","4","KwaZulu-Natal","4439","KZN265 - Nongoma","40-49","8624","12122","20746","2026-09-22"
"Municipality","4","KwaZulu-Natal","4439","KZN265 - Nongoma","50-59","4859","7828","12687","2026-09-22"
"Municipality","4","KwaZulu-Natal","4439","KZN265 - Nongoma","60-69","3625","6118","9743","2026-09-22"
"Municipality","4","KwaZulu-Natal","4439","KZN265 - Nongoma","70-79","1656","3579","5235","2026-09-22"
"Municipality","4","KwaZulu-Natal","4439","KZN265 - Nongoma","80+","602","2107","2709","2026-09-22"
"Municipality","4","KwaZulu-Natal","4440","KZN266 - Ulundi","18-19","1558","1857","3415","2026-09-22"
"Municipality","4","KwaZulu-Natal","4440","KZN266 - Ulundi","20-29","8728","11491","20219","2026-09-22"
"Municipality","4","KwaZulu-Natal","4440","KZN266 - Ulundi","30-39","12236","15970","28206","2026-09-22"
"Municipality","4","KwaZulu-Natal","4440","KZN266 - Ulundi","40-49","8862","11799","20661","2026-09-22"
"Municipality","4","KwaZulu-Natal","4440","KZN266 - Ulundi","50-59","5215","7847","13062","2026-09-22"
"Municipality","4","KwaZulu-Natal","4440","KZN266 - Ulundi","60-69","3651","6541","10192","2026-09-22"
"Municipality","4","KwaZulu-Natal","4440","KZN266 - Ulundi","70-79","1715","3602","5317","2026-09-22"
"Municipality","4","KwaZulu-Natal","4440","KZN266 - Ulundi","80+","545","2001","2546","2026-09-22"
"Municipality","4","KwaZulu-Natal","4442","KZN271 - uMhlabuyalingana","18-19","1806","2063","3869","2026-09-22"
"Municipality","4","KwaZulu-Natal","4442","KZN271 - uMhlabuyalingana","20-29","11380","13369","24749","2026-09-22"
"Municipality","4","KwaZulu-Natal","4442","KZN271 - uMhlabuyalingana","30-39","11120","14493","25613","2026-09-22"
"Municipality","4","KwaZulu-Natal","4442","KZN271 - uMhlabuyalingana","40-49","7563","11167","18730","2026-09-22"
"Municipality","4","KwaZulu-Natal","4442","KZN271 - uMhlabuyalingana","50-59","5181","8570","13751","2026-09-22"
"Municipality","4","KwaZulu-Natal","4442","KZN271 - uMhlabuyalingana","60-69","3470","5809","9279","2026-09-22"
"Municipality","4","KwaZulu-Natal","4442","KZN271 - uMhlabuyalingana","70-79","1389","2787","4176","2026-09-22"
"Municipality","4","KwaZulu-Natal","4442","KZN271 - uMhlabuyalingana","80+","729","2587","3316","2026-09-22"
"Municipality","4","KwaZulu-Natal","4443","KZN272 - Jozini","18-19","2273","2494","4767","2026-09-22"
"Municipality","4","KwaZulu-Natal","4443","KZN272 - Jozini","20-29","14317","16771","31088","2026-09-22"
"Municipality","4","KwaZulu-Natal","4443","KZN272 - Jozini","30-39","13985","17916","31901","2026-09-22"
"Municipality","4","KwaZulu-Natal","4443","KZN272 - Jozini","40-49","9267","12641","21908","2026-09-22"
"Municipality","4","KwaZulu-Natal","4443","KZN272 - Jozini","50-59","5729","8544","14273","2026-09-22"
"Municipality","4","KwaZulu-Natal","4443","KZN272 - Jozini","60-69","3793","5945","9738","2026-09-22"
"Municipality","4","KwaZulu-Natal","4443","KZN272 - Jozini","70-79","1586","2940","4526","2026-09-22"
"Municipality","4","KwaZulu-Natal","4443","KZN272 - Jozini","80+","745","2233","2978","2026-09-22"
"Municipality","4","KwaZulu-Natal","4446","KZN275 - Inkosi uMtubatuba","18-19","1888","2203","4091","2026-09-22"
"Municipality","4","KwaZulu-Natal","4446","KZN275 - Inkosi uMtubatuba","20-29","12053","14099","26152","2026-09-22"
"Municipality","4","KwaZulu-Natal","4446","KZN275 - Inkosi uMtubatuba","30-39","13423","16378","29801","2026-09-22"
"Municipality","4","KwaZulu-Natal","4446","KZN275 - Inkosi uMtubatuba","40-49","9596","12199","21795","2026-09-22"
"Municipality","4","KwaZulu-Natal","4446","KZN275 - Inkosi uMtubatuba","50-59","5768","7928","13696","2026-09-22"
"Municipality","4","KwaZulu-Natal","4446","KZN275 - Inkosi uMtubatuba","60-69","3779","5942","9721","2026-09-22"
"Municipality","4","KwaZulu-Natal","4446","KZN275 - Inkosi uMtubatuba","70-79","1627","2955","4582","2026-09-22"
"Municipality","4","KwaZulu-Natal","4446","KZN275 - Inkosi uMtubatuba","80+","653","1888","2541","2026-09-22"
"Municipality","4","KwaZulu-Natal","4463","KZN276 - Big Five Hlabisa","18-19","1140","1235","2375","2026-09-22"
"Municipality","4","KwaZulu-Natal","4463","KZN276 - Big Five Hlabisa","20-29","6410","7769","14179","2026-09-22"
"Municipality","4","KwaZulu-Natal","4463","KZN276 - Big Five Hlabisa","30-39","7492","9602","17094","2026-09-22"
"Municipality","4","KwaZulu-Natal","4463","KZN276 - Big Five Hlabisa","40-49","5230","6804","12034","2026-09-22"
"Municipality","4","KwaZulu-Natal","4463","KZN276 - Big Five Hlabisa","50-59","3113","4619","7732","2026-09-22"
"Municipality","4","KwaZulu-Natal","4463","KZN276 - Big Five Hlabisa","60-69","2089","3416","5505","2026-09-22"
"Municipality","4","KwaZulu-Natal","4463","KZN276 - Big Five Hlabisa","70-79","982","1822","2804","2026-09-22"
"Municipality","4","KwaZulu-Natal","4463","KZN276 - Big Five Hlabisa","80+","409","1187","1596","2026-09-22"
"Municipality","4","KwaZulu-Natal","4449","KZN281 - uMfolozi","18-19","1042","1233","2275","2026-09-22"
"Municipality","4","KwaZulu-Natal","4449","KZN281 - uMfolozi","20-29","6980","8242","15222","2026-09-22"
"Municipality","4","KwaZulu-Natal","4449","KZN281 - uMfolozi","30-39","10745","12039","22784","2026-09-22"
"Municipality","4","KwaZulu-Natal","4449","KZN281 - uMfolozi","40-49","8658","9398","18056","2026-09-22"
"Municipality","4","KwaZulu-Natal","4449","KZN281 - uMfolozi","50-59","4683","5582","10265","2026-09-22"
"Municipality","4","KwaZulu-Natal","4449","KZN281 - uMfolozi","60-69","2725","4543","7268","2026-09-22"
"Municipality","4","KwaZulu-Natal","4449","KZN281 - uMfolozi","70-79","1233","2134","3367","2026-09-22"
"Municipality","4","KwaZulu-Natal","4449","KZN281 - uMfolozi","80+","525","1321","1846","2026-09-22"
"Municipality","4","KwaZulu-Natal","4450","KZN282 - uMhlathuze","18-19","2426","3207","5633","2026-09-22"
"Municipality","4","KwaZulu-Natal","4450","KZN282 - uMhlathuze","20-29","17911","22792","40703","2026-09-22"
"Municipality","4","KwaZulu-Natal","4450","KZN282 - uMhlathuze","30-39","27413","31202","58615","2026-09-22"
"Municipality","4","KwaZulu-Natal","4450","KZN282 - uMhlathuze","40-49","24253","26038","50291","2026-09-22"
"Municipality","4","KwaZulu-Natal","4450","KZN282 - uMhlathuze","50-59","14857","17143","32000","2026-09-22"
"Municipality","4","KwaZulu-Natal","4450","KZN282 - uMhlathuze","60-69","7975","11384","19359","2026-09-22"
"Municipality","4","KwaZulu-Natal","4450","KZN282 - uMhlathuze","70-79","3226","5100","8326","2026-09-22"
"Municipality","4","KwaZulu-Natal","4450","KZN282 - uMhlathuze","80+","938","2270","3208","2026-09-22"
"Municipality","4","KwaZulu-Natal","4452","KZN284 - uMlalazi","18-19","1411","1673","3084","2026-09-22"
"Municipality","4","KwaZulu-Natal","4452","KZN284 - uMlalazi","20-29","9406","12153","21559","2026-09-22"
"Municipality","4","KwaZulu-Natal","4452","KZN284 - uMlalazi","30-39","13335","16954","30289","2026-09-22"
"Municipality","4","KwaZulu-Natal","4452","KZN284 - uMlalazi","40-49","10396","13128","23524","2026-09-22"
"Municipality","4","KwaZulu-Natal","4452","KZN284 - uMlalazi","50-59","6803","9841","16644","2026-09-22"
"Municipality","4","KwaZulu-Natal","4452","KZN284 - uMlalazi","60-69","4558","8177","12735","2026-09-22"
"Municipality","4","KwaZulu-Natal","4452","KZN284 - uMlalazi","70-79","2386","4845","7231","2026-09-22"
"Municipality","4","KwaZulu-Natal","4452","KZN284 - uMlalazi","80+","808","2442","3250","2026-09-22"
"Municipality","4","KwaZulu-Natal","4453","KZN285 - Mthonjaneni","18-19","783","988","1771","2026-09-22"
"Municipality","4","KwaZulu-Natal","4453","KZN285 - Mthonjaneni","20-29","4554","5888","10442","2026-09-22"
"Municipality","4","KwaZulu-Natal","4453","KZN285 - Mthonjaneni","30-39","5870","7540","13410","2026-09-22"
"Municipality","4","KwaZulu-Natal","4453","KZN285 - Mthonjaneni","40-49","4058","5337","9395","2026-09-22"
"Municipality","4","KwaZulu-Natal","4453","KZN285 - Mthonjaneni","50-59","2603","3745","6348","2026-09-22"
"Municipality","4","KwaZulu-Natal","4453","KZN285 - Mthonjaneni","60-69","1784","3236","5020","2026-09-22"
"Municipality","4","KwaZulu-Natal","4453","KZN285 - Mthonjaneni","70-79","790","1487","2277","2026-09-22"
"Municipality","4","KwaZulu-Natal","4453","KZN285 - Mthonjaneni","80+","277","984","1261","2026-09-22"
"Municipality","4","KwaZulu-Natal","4454","KZN286 - Nkandla","18-19","1441","1539","2980","2026-09-22"
"Municipality","4","KwaZulu-Natal","4454","KZN286 - Nkandla","20-29","6831","8207","15038","2026-09-22"
"Municipality","4","KwaZulu-Natal","4454","KZN286 - Nkandla","30-39","6764","9318","16082","2026-09-22"
"Municipality","4","KwaZulu-Natal","4454","KZN286 - Nkandla","40-49","4557","6703","11260","2026-09-22"
"Municipality","4","KwaZulu-Natal","4454","KZN286 - Nkandla","50-59","2945","4932","7877","2026-09-22"
"Municipality","4","KwaZulu-Natal","4454","KZN286 - Nkandla","60-69","2194","4307","6501","2026-09-22"
"Municipality","4","KwaZulu-Natal","4454","KZN286 - Nkandla","70-79","1336","2779","4115","2026-09-22"
"Municipality","4","KwaZulu-Natal","4454","KZN286 - Nkandla","80+","595","2014","2609","2026-09-22"
"Municipality","4","KwaZulu-Natal","4456","KZN291 - Mandeni","18-19","1009","1413","2422","2026-09-22"
"Municipality","4","KwaZulu-Natal","4456","KZN291 - Mandeni","20-29","8068","9941","18009","2026-09-22"
"Municipality","4","KwaZulu-Natal","4456","KZN291 - Mandeni","30-39","10487","12421","22908","2026-09-22"
"Municipality","4","KwaZulu-Natal","4456","KZN291 - Mandeni","40-49","7725","9788","17513","2026-09-22"
"Municipality","4","KwaZulu-Natal","4456","KZN291 - Mandeni","50-59","5064","6646","11710","2026-09-22"
"Municipality","4","KwaZulu-Natal","4456","KZN291 - Mandeni","60-69","2741","4623","7364","2026-09-22"
"Municipality","4","KwaZulu-Natal","4456","KZN291 - Mandeni","70-79","1146","2322","3468","2026-09-22"
"Municipality","4","KwaZulu-Natal","4456","KZN291 - Mandeni","80+","422","1069","1491","2026-09-22"
"Municipality","4","KwaZulu-Natal","4457","KZN292 - KwaDukuza","18-19","1774","2297","4071","2026-09-22"
"Municipality","4","KwaZulu-Natal","4457","KZN292 - KwaDukuza","20-29","15348","17886","33234","2026-09-22"
"Municipality","4","KwaZulu-Natal","4457","KZN292 - KwaDukuza","30-39","20452","22774","43226","2026-09-22"
"Municipality","4","KwaZulu-Natal","4457","KZN292 - KwaDukuza","40-49","17519","18587","36106","2026-09-22"
"Municipality","4","KwaZulu-Natal","4457","KZN292 - KwaDukuza","50-59","11829","13333","25162","2026-09-22"
"Municipality","4","KwaZulu-Natal","4457","KZN292 - KwaDukuza","60-69","6453","8651","15104","2026-09-22"
"Municipality","4","KwaZulu-Natal","4457","KZN292 - KwaDukuza","70-79","3224","4603","7827","2026-09-22"
"Municipality","4","KwaZulu-Natal","4457","KZN292 - KwaDukuza","80+","1191","2090","3281","2026-09-22"
"Municipality","4","KwaZulu-Natal","4458","KZN293 - Ndwedwe","18-19","1051","1168","2219","2026-09-22"
"Municipality","4","KwaZulu-Natal","4458","KZN293 - Ndwedwe","20-29","7428","8828","16256","2026-09-22"
"Municipality","4","KwaZulu-Natal","4458","KZN293 - Ndwedwe","30-39","9520","11166","20686","2026-09-22"
"Municipality","4","KwaZulu-Natal","4458","KZN293 - Ndwedwe","40-49","7383","7958","15341","2026-09-22"
"Municipality","4","KwaZulu-Natal","4458","KZN293 - Ndwedwe","50-59","4770","6165","10935","2026-09-22"
"Municipality","4","KwaZulu-Natal","4458","KZN293 - Ndwedwe","60-69","3313","5428","8741","2026-09-22"
"Municipality","4","KwaZulu-Natal","4458","KZN293 - Ndwedwe","70-79","1711","3227","4938","2026-09-22"
"Municipality","4","KwaZulu-Natal","4458","KZN293 - Ndwedwe","80+","688","2114","2802","2026-09-22"
"Municipality","4","KwaZulu-Natal","4459","KZN294 - Maphumulo","18-19","697","925","1622","2026-09-22"
"Municipality","4","KwaZulu-Natal","4459","KZN294 - Maphumulo","20-29","5164","6542","11706","2026-09-22"
"Municipality","4","KwaZulu-Natal","4459","KZN294 - Maphumulo","30-39","6002","8031","14033","2026-09-22"
"Municipality","4","KwaZulu-Natal","4459","KZN294 - Maphumulo","40-49","3957","5389","9346","2026-09-22"
"Municipality","4","KwaZulu-Natal","4459","KZN294 - Maphumulo","50-59","2655","4327","6982","2026-09-22"
"Municipality","4","KwaZulu-Natal","4459","KZN294 - Maphumulo","60-69","2042","3990","6032","2026-09-22"
"Municipality","4","KwaZulu-Natal","4459","KZN294 - Maphumulo","70-79","1215","2584","3799","2026-09-22"
"Municipality","4","KwaZulu-Natal","4459","KZN294 - Maphumulo","80+","480","1754","2234","2026-09-22"
"Municipality","4","KwaZulu-Natal","4035","KZN433 - Greater Kokstad","18-19","618","846","1464","2026-09-22"
"Municipality","4","KwaZulu-Natal","4035","KZN433 - Greater Kokstad","20-29","5189","6266","11455","2026-09-22"
"Municipality","4","KwaZulu-Natal","4035","KZN433 - Greater Kokstad","30-39","6590","7361","13951","2026-09-22"
"Municipality","4","KwaZulu-Natal","4035","KZN433 - Greater Kokstad","40-49","4909","5207","10116","2026-09-22"
"Municipality","4","KwaZulu-Natal","4035","KZN433 - Greater Kokstad","50-59","2820","3532","6352","2026-09-22"
"Municipality","4","KwaZulu-Natal","4035","KZN433 - Greater Kokstad","60-69","1457","1982","3439","2026-09-22"
"Municipality","4","KwaZulu-Natal","4035","KZN433 - Greater Kokstad","70-79","512","862","1374","2026-09-22"
"Municipality","4","KwaZulu-Natal","4035","KZN433 - Greater Kokstad","80+","177","423","600","2026-09-22"
"Municipality","4","KwaZulu-Natal","4036","KZN434 - Johannes Phumani Pungula","18-19","636","781","1417","2026-09-22"
"Municipality","4","KwaZulu-Natal","4036","KZN434 - Johannes Phumani Pungula","20-29","5375","6269","11644","2026-09-22"
"Municipality","4","KwaZulu-Natal","4036","KZN434 - Johannes Phumani Pungula","30-39","7632","8631","16263","2026-09-22"
"Municipality","4","KwaZulu-Natal","4036","KZN434 - Johannes Phumani Pungula","40-49","5431","6553","11984","2026-09-22"
"Municipality","4","KwaZulu-Natal","4036","KZN434 - Johannes Phumani Pungula","50-59","3314","5112","8426","2026-09-22"
"Municipality","4","KwaZulu-Natal","4036","KZN434 - Johannes Phumani Pungula","60-69","2434","4374","6808","2026-09-22"
"Municipality","4","KwaZulu-Natal","4036","KZN434 - Johannes Phumani Pungula","70-79","1221","2611","3832","2026-09-22"
"Municipality","4","KwaZulu-Natal","4036","KZN434 - Johannes Phumani Pungula","80+","440","1344","1784","2026-09-22"
"Municipality","4","KwaZulu-Natal","1030","KZN435 - uMzimkhulu","18-19","1158","1330","2488","2026-09-22"
"Municipality","4","KwaZulu-Natal","1030","KZN435 - uMzimkhulu","20-29","8365","10789","19154","2026-09-22"
"Municipality","4","KwaZulu-Natal","1030","KZN435 - uMzimkhulu","30-39","10886","14321","25207","2026-09-22"
"Municipality","4","KwaZulu-Natal","1030","KZN435 - uMzimkhulu","40-49","7558","10312","17870","2026-09-22"
"Municipality","4","KwaZulu-Natal","1030","KZN435 - uMzimkhulu","50-59","4786","8062","12848","2026-09-22"
"Municipality","4","KwaZulu-Natal","1030","KZN435 - uMzimkhulu","60-69","3897","6801","10698","2026-09-22"
"Municipality","4","KwaZulu-Natal","1030","KZN435 - uMzimkhulu","70-79","1809","4057","5866","2026-09-22"
"Municipality","4","KwaZulu-Natal","1030","KZN435 - uMzimkhulu","80+","947","2938","3885","2026-09-22"
"Municipality","4","KwaZulu-Natal","4464","KZN436 - Dr. Nkosazana Dlamini Zuma","18-19","654","887","1541","2026-09-22"
"Municipality","4","KwaZulu-Natal","4464","KZN436 - Dr. Nkosazana Dlamini Zuma","20-29","5931","6789","12720","2026-09-22"
"Municipality","4","KwaZulu-Natal","4464","KZN436 - Dr. Nkosazana Dlamini Zuma","30-39","7692","8355","16047","2026-09-22"
"Municipality","4","KwaZulu-Natal","4464","KZN436 - Dr. Nkosazana Dlamini Zuma","40-49","5465","6272","11737","2026-09-22"
"Municipality","4","KwaZulu-Natal","4464","KZN436 - Dr. Nkosazana Dlamini Zuma","50-59","3547","4946","8493","2026-09-22"
"Municipality","4","KwaZulu-Natal","4464","KZN436 - Dr. Nkosazana Dlamini Zuma","60-69","2279","3750","6029","2026-09-22"
"Municipality","4","KwaZulu-Natal","4464","KZN436 - Dr. Nkosazana Dlamini Zuma","70-79","1216","2333","3549","2026-09-22"
"Municipality","4","KwaZulu-Natal","4464","KZN436 - Dr. Nkosazana Dlamini Zuma","80+","486","1326","1812","2026-09-22"
"Province","7","Limpopo","","","18-19","48134","56784","104918","2026-09-22"
"Province","7","Limpopo","","","20-29","260024","302216","562240","2026-09-22"
"Province","7","Limpopo","","","30-39","303232","385478","688710","2026-09-22"
"Province","7","Limpopo","","","40-49","265006","344873","609879","2026-09-22"
"Province","7","Limpopo","","","50-59","185263","263884","449147","2026-09-22"
"Province","7","Limpopo","","","60-69","130799","203030","333829","2026-09-22"
"Province","7","Limpopo","","","70-79","66623","113665","180288","2026-09-22"
"Province","7","Limpopo","","","80+","23263","84671","107934","2026-09-22"
"Municipality","7","Limpopo","7702","LIM331 - Greater Giyani","18-19","2474","3245","5719","2026-09-22"
"Municipality","7","Limpopo","7702","LIM331 - Greater Giyani","20-29","13574","15819","29393","2026-09-22"
"Municipality","7","Limpopo","7702","LIM331 - Greater Giyani","30-39","16010","20399","36409","2026-09-22"
"Municipality","7","Limpopo","7702","LIM331 - Greater Giyani","40-49","11914","17807","29721","2026-09-22"
"Municipality","7","Limpopo","7702","LIM331 - Greater Giyani","50-59","6995","12341","19336","2026-09-22"
"Municipality","7","Limpopo","7702","LIM331 - Greater Giyani","60-69","5413","9270","14683","2026-09-22"
"Municipality","7","Limpopo","7702","LIM331 - Greater Giyani","70-79","2747","4799","7546","2026-09-22"
"Municipality","7","Limpopo","7702","LIM331 - Greater Giyani","80+","1005","3954","4959","2026-09-22"
"Municipality","7","Limpopo","7703","LIM332 - Greater Letaba","18-19","2742","3039","5781","2026-09-22"
"Municipality","7","Limpopo","7703","LIM332 - Greater Letaba","20-29","11852","13484","25336","2026-09-22"
"Municipality","7","Limpopo","7703","LIM332 - Greater Letaba","30-39","14316","18449","32765","2026-09-22"
"Municipality","7","Limpopo","7703","LIM332 - Greater Letaba","40-49","10194","15199","25393","2026-09-22"
"Municipality","7","Limpopo","7703","LIM332 - Greater Letaba","50-59","6773","11712","18485","2026-09-22"
"Municipality","7","Limpopo","7703","LIM332 - Greater Letaba","60-69","5064","9185","14249","2026-09-22"
"Municipality","7","Limpopo","7703","LIM332 - Greater Letaba","70-79","2839","5317","8156","2026-09-22"
"Municipality","7","Limpopo","7703","LIM332 - Greater Letaba","80+","962","4577","5539","2026-09-22"
"Municipality","7","Limpopo","7704","LIM333 - Greater Tzaneen","18-19","3145","3683","6828","2026-09-22"
"Municipality","7","Limpopo","7704","LIM333 - Greater Tzaneen","20-29","15406","18368","33774","2026-09-22"
"Municipality","7","Limpopo","7704","LIM333 - Greater Tzaneen","30-39","20073","26512","46585","2026-09-22"
"Municipality","7","Limpopo","7704","LIM333 - Greater Tzaneen","40-49","18973","24936","43909","2026-09-22"
"Municipality","7","Limpopo","7704","LIM333 - Greater Tzaneen","50-59","14004","19708","33712","2026-09-22"
"Municipality","7","Limpopo","7704","LIM333 - Greater Tzaneen","60-69","8962","14628","23590","2026-09-22"
"Municipality","7","Limpopo","7704","LIM333 - Greater Tzaneen","70-79","4319","7624","11943","2026-09-22"
"Municipality","7","Limpopo","7704","LIM333 - Greater Tzaneen","80+","1381","5345","6726","2026-09-22"
"Municipality","7","Limpopo","7705","LIM334 - Ba-Phalaborwa","18-19","1426","1977","3403","2026-09-22"
"Municipality","7","Limpopo","7705","LIM334 - Ba-Phalaborwa","20-29","9455","11637","21092","2026-09-22"
"Municipality","7","Limpopo","7705","LIM334 - Ba-Phalaborwa","30-39","10007","12263","22270","2026-09-22"
"Municipality","7","Limpopo","7705","LIM334 - Ba-Phalaborwa","40-49","8452","10074","18526","2026-09-22"
"Municipality","7","Limpopo","7705","LIM334 - Ba-Phalaborwa","50-59","5899","7084","12983","2026-09-22"
"Municipality","7","Limpopo","7705","LIM334 - Ba-Phalaborwa","60-69","3225","4387","7612","2026-09-22"
"Municipality","7","Limpopo","7705","LIM334 - Ba-Phalaborwa","70-79","1523","1969","3492","2026-09-22"
"Municipality","7","Limpopo","7705","LIM334 - Ba-Phalaborwa","80+","442","1146","1588","2026-09-22"
"Municipality","7","Limpopo","7028","LIM335 - Maruleng","18-19","1241","1474","2715","2026-09-22"
"Municipality","7","Limpopo","7028","LIM335 - Maruleng","20-29","5880","6706","12586","2026-09-22"
"Municipality","7","Limpopo","7028","LIM335 - Maruleng","30-39","6941","8974","15915","2026-09-22"
"Municipality","7","Limpopo","7028","LIM335 - Maruleng","40-49","5654","7641","13295","2026-09-22"
"Municipality","7","Limpopo","7028","LIM335 - Maruleng","50-59","3737","5241","8978","2026-09-22"
"Municipality","7","Limpopo","7028","LIM335 - Maruleng","60-69","2453","3722","6175","2026-09-22"
"Municipality","7","Limpopo","7028","LIM335 - Maruleng","70-79","1180","1919","3099","2026-09-22"
"Municipality","7","Limpopo","7028","LIM335 - Maruleng","80+","407","1325","1732","2026-09-22"
"Municipality","7","Limpopo","7707","LIM341 - Musina","18-19","1124","1206","2330","2026-09-22"
"Municipality","7","Limpopo","7707","LIM341 - Musina","20-29","6191","6846","13037","2026-09-22"
"Municipality","7","Limpopo","7707","LIM341 - Musina","30-39","6048","7021","13069","2026-09-22"
"Municipality","7","Limpopo","7707","LIM341 - Musina","40-49","4445","5694","10139","2026-09-22"
"Municipality","7","Limpopo","7707","LIM341 - Musina","50-59","3253","4286","7539","2026-09-22"
"Municipality","7","Limpopo","7707","LIM341 - Musina","60-69","1758","2607","4365","2026-09-22"
"Municipality","7","Limpopo","7707","LIM341 - Musina","70-79","817","1199","2016","2026-09-22"
"Municipality","7","Limpopo","7707","LIM341 - Musina","80+","339","958","1297","2026-09-22"
"Municipality","7","Limpopo","7709","LIM343 - Thulamela","18-19","4104","4620","8724","2026-09-22"
"Municipality","7","Limpopo","7709","LIM343 - Thulamela","20-29","23948","26513","50461","2026-09-22"
"Municipality","7","Limpopo","7709","LIM343 - Thulamela","30-39","26549","33712","60261","2026-09-22"
"Municipality","7","Limpopo","7709","LIM343 - Thulamela","40-49","20674","29845","50519","2026-09-22"
"Municipality","7","Limpopo","7709","LIM343 - Thulamela","50-59","14119","23789","37908","2026-09-22"
"Municipality","7","Limpopo","7709","LIM343 - Thulamela","60-69","10325","18309","28634","2026-09-22"
"Municipality","7","Limpopo","7709","LIM343 - Thulamela","70-79","5102","9596","14698","2026-09-22"
"Municipality","7","Limpopo","7709","LIM343 - Thulamela","80+","2054","7816","9870","2026-09-22"
"Municipality","7","Limpopo","7710","LIM344 - Makhado","18-19","3046","3523","6569","2026-09-22"
"Municipality","7","Limpopo","7710","LIM344 - Makhado","20-29","17374","19421","36795","2026-09-22"
"Municipality","7","Limpopo","7710","LIM344 - Makhado","30-39","19521","25233","44754","2026-09-22"
"Municipality","7","Limpopo","7710","LIM344 - Makhado","40-49","17012","24203","41215","2026-09-22"
"Municipality","7","Limpopo","7710","LIM344 - Makhado","50-59","12559","19798","32357","2026-09-22"
"Municipality","7","Limpopo","7710","LIM344 - Makhado","60-69","9211","15384","24595","2026-09-22"
"Municipality","7","Limpopo","7710","LIM344 - Makhado","70-79","4502","8371","12873","2026-09-22"
"Municipality","7","Limpopo","7710","LIM344 - Makhado","80+","1883","7472","9355","2026-09-22"
"Municipality","7","Limpopo","7726","LIM345 - Collins Chabane","18-19","3623","4189","7812","2026-09-22"
"Municipality","7","Limpopo","7726","LIM345 - Collins Chabane","20-29","17500","20071","37571","2026-09-22"
"Municipality","7","Limpopo","7726","LIM345 - Collins Chabane","30-39","18325","24168","42493","2026-09-22"
"Municipality","7","Limpopo","7726","LIM345 - Collins Chabane","40-49","14709","22990","37699","2026-09-22"
"Municipality","7","Limpopo","7726","LIM345 - Collins Chabane","50-59","9327","16870","26197","2026-09-22"
"Municipality","7","Limpopo","7726","LIM345 - Collins Chabane","60-69","7339","13431","20770","2026-09-22"
"Municipality","7","Limpopo","7726","LIM345 - Collins Chabane","70-79","3938","6993","10931","2026-09-22"
"Municipality","7","Limpopo","7726","LIM345 - Collins Chabane","80+","1461","5836","7297","2026-09-22"
"Municipality","7","Limpopo","7712","LIM351 - Blouberg","18-19","1428","1679","3107","2026-09-22"
"Municipality","7","Limpopo","7712","LIM351 - Blouberg","20-29","7760","9434","17194","2026-09-22"
"Municipality","7","Limpopo","7712","LIM351 - Blouberg","30-39","8929","12252","21181","2026-09-22"
"Municipality","7","Limpopo","7712","LIM351 - Blouberg","40-49","7227","10289","17516","2026-09-22"
"Municipality","7","Limpopo","7712","LIM351 - Blouberg","50-59","5274","8356","13630","2026-09-22"
"Municipality","7","Limpopo","7712","LIM351 - Blouberg","60-69","4428","6959","11387","2026-09-22"
"Municipality","7","Limpopo","7712","LIM351 - Blouberg","70-79","2592","4615","7207","2026-09-22"
"Municipality","7","Limpopo","7712","LIM351 - Blouberg","80+","947","3525","4472","2026-09-22"
"Municipality","7","Limpopo","7714","LIM353 - Molemole","18-19","1299","1546","2845","2026-09-22"
"Municipality","7","Limpopo","7714","LIM353 - Molemole","20-29","6178","6884","13062","2026-09-22"
"Municipality","7","Limpopo","7714","LIM353 - Molemole","30-39","6651","8224","14875","2026-09-22"
"Municipality","7","Limpopo","7714","LIM353 - Molemole","40-49","5271","6948","12219","2026-09-22"
"Municipality","7","Limpopo","7714","LIM353 - Molemole","50-59","3755","5876","9631","2026-09-22"
"Municipality","7","Limpopo","7714","LIM353 - Molemole","60-69","3110","5238","8348","2026-09-22"
"Municipality","7","Limpopo","7714","LIM353 - Molemole","70-79","1781","3228","5009","2026-09-22"
"Municipality","7","Limpopo","7714","LIM353 - Molemole","80+","632","2337","2969","2026-09-22"
"Municipality","7","Limpopo","7715","LIM354 - Polokwane","18-19","5311","6303","11614","2026-09-22"
"Municipality","7","Limpopo","7715","LIM354 - Polokwane","20-29","31313","38766","70079","2026-09-22"
"Municipality","7","Limpopo","7715","LIM354 - Polokwane","30-39","36670","47850","84520","2026-09-22"
"Municipality","7","Limpopo","7715","LIM354 - Polokwane","40-49","34172","43228","77400","2026-09-22"
"Municipality","7","Limpopo","7715","LIM354 - Polokwane","50-59","26071","34398","60469","2026-09-22"
"Municipality","7","Limpopo","7715","LIM354 - Polokwane","60-69","17851","26189","44040","2026-09-22"
"Municipality","7","Limpopo","7715","LIM354 - Polokwane","70-79","8655","14754","23409","2026-09-22"
"Municipality","7","Limpopo","7715","LIM354 - Polokwane","80+","2612","9206","11818","2026-09-22"
"Municipality","7","Limpopo","7716","LIM355 - Lepele-Nkumpi","18-19","1849","2581","4430","2026-09-22"
"Municipality","7","Limpopo","7716","LIM355 - Lepele-Nkumpi","20-29","9353","11559","20912","2026-09-22"
"Municipality","7","Limpopo","7716","LIM355 - Lepele-Nkumpi","30-39","11184","15262","26446","2026-09-22"
"Municipality","7","Limpopo","7716","LIM355 - Lepele-Nkumpi","40-49","10226","14187","24413","2026-09-22"
"Municipality","7","Limpopo","7716","LIM355 - Lepele-Nkumpi","50-59","7792","11943","19735","2026-09-22"
"Municipality","7","Limpopo","7716","LIM355 - Lepele-Nkumpi","60-69","6143","10025","16168","2026-09-22"
"Municipality","7","Limpopo","7716","LIM355 - Lepele-Nkumpi","70-79","3396","6144","9540","2026-09-22"
"Municipality","7","Limpopo","7716","LIM355 - Lepele-Nkumpi","80+","1208","4595","5803","2026-09-22"
"Municipality","7","Limpopo","7718","LIM361 - Thabazimbi","18-19","736","803","1539","2026-09-22"
"Municipality","7","Limpopo","7718","LIM361 - Thabazimbi","20-29","4725","4813","9538","2026-09-22"
"Municipality","7","Limpopo","7718","LIM361 - Thabazimbi","30-39","7539","5993","13532","2026-09-22"
"Municipality","7","Limpopo","7718","LIM361 - Thabazimbi","40-49","9095","5015","14110","2026-09-22"
"Municipality","7","Limpopo","7718","LIM361 - Thabazimbi","50-59","5442","3272","8714","2026-09-22"
"Municipality","7","Limpopo","7718","LIM361 - Thabazimbi","60-69","2721","2020","4741","2026-09-22"
"Municipality","7","Limpopo","7718","LIM361 - Thabazimbi","70-79","918","859","1777","2026-09-22"
"Municipality","7","Limpopo","7718","LIM361 - Thabazimbi","80+","263","348","611","2026-09-22"
"Municipality","7","Limpopo","7719","LIM362 - Lephalale","18-19","1091","1376","2467","2026-09-22"
"Municipality","7","Limpopo","7719","LIM362 - Lephalale","20-29","7268","8112","15380","2026-09-22"
"Municipality","7","Limpopo","7719","LIM362 - Lephalale","30-39","11442","10658","22100","2026-09-22"
"Municipality","7","Limpopo","7719","LIM362 - Lephalale","40-49","8864","7532","16396","2026-09-22"
"Municipality","7","Limpopo","7719","LIM362 - Lephalale","50-59","4849","4828","9677","2026-09-22"
"Municipality","7","Limpopo","7719","LIM362 - Lephalale","60-69","3025","3468","6493","2026-09-22"
"Municipality","7","Limpopo","7719","LIM362 - Lephalale","70-79","1187","1774","2961","2026-09-22"
"Municipality","7","Limpopo","7719","LIM362 - Lephalale","80+","375","993","1368","2026-09-22"
"Municipality","7","Limpopo","7722","LIM366 - Bela-Bela","18-19","488","592","1080","2026-09-22"
"Municipality","7","Limpopo","7722","LIM366 - Bela-Bela","20-29","3065","3663","6728","2026-09-22"
"Municipality","7","Limpopo","7722","LIM366 - Bela-Bela","30-39","3634","4303","7937","2026-09-22"
"Municipality","7","Limpopo","7722","LIM366 - Bela-Bela","40-49","3428","3699","7127","2026-09-22"
"Municipality","7","Limpopo","7722","LIM366 - Bela-Bela","50-59","2846","3105","5951","2026-09-22"
"Municipality","7","Limpopo","7722","LIM366 - Bela-Bela","60-69","1978","2439","4417","2026-09-22"
"Municipality","7","Limpopo","7722","LIM366 - Bela-Bela","70-79","987","1271","2258","2026-09-22"
"Municipality","7","Limpopo","7722","LIM366 - Bela-Bela","80+","341","588","929","2026-09-22"
"Municipality","7","Limpopo","7723","LIM367 - Mogalakwena","18-19","2441","2784","5225","2026-09-22"
"Municipality","7","Limpopo","7723","LIM367 - Mogalakwena","20-29","11636","13797","25433","2026-09-22"
"Municipality","7","Limpopo","7723","LIM367 - Mogalakwena","30-39","14685","19760","34445","2026-09-22"
"Municipality","7","Limpopo","7723","LIM367 - Mogalakwena","40-49","14741","18251","32992","2026-09-22"
"Municipality","7","Limpopo","7723","LIM367 - Mogalakwena","50-59","11069","14662","25731","2026-09-22"
"Municipality","7","Limpopo","7723","LIM367 - Mogalakwena","60-69","8509","12510","21019","2026-09-22"
"Municipality","7","Limpopo","7723","LIM367 - Mogalakwena","70-79","4282","7481","11763","2026-09-22"
"Municipality","7","Limpopo","7723","LIM367 - Mogalakwena","80+","1509","5219","6728","2026-09-22"
"Municipality","7","Limpopo","7724","LIM368 - Modimolle-Mookgophong","18-19","991","1155","2146","2026-09-22"
"Municipality","7","Limpopo","7724","LIM368 - Modimolle-Mookgophong","20-29","4927","5932","10859","2026-09-22"
"Municipality","7","Limpopo","7724","LIM368 - Modimolle-Mookgophong","30-39","5549","6619","12168","2026-09-22"
"Municipality","7","Limpopo","7724","LIM368 - Modimolle-Mookgophong","40-49","5602","6209","11811","2026-09-22"
"Municipality","7","Limpopo","7724","LIM368 - Modimolle-Mookgophong","50-59","4812","5127","9939","2026-09-22"
"Municipality","7","Limpopo","7724","LIM368 - Modimolle-Mookgophong","60-69","3169","3741","6910","2026-09-22"
"Municipality","7","Limpopo","7724","LIM368 - Modimolle-Mookgophong","70-79","1796","2334","4130","2026-09-22"
"Municipality","7","Limpopo","7724","LIM368 - Modimolle-Mookgophong","80+","758","1299","2057","2026-09-22"
"Municipality","7","Limpopo","5020","LIM471 - Ephraim Mogale","18-19","1210","1325","2535","2026-09-22"
"Municipality","7","Limpopo","5020","LIM471 - Ephraim Mogale","20-29","6375","6996","13371","2026-09-22"
"Municipality","7","Limpopo","5020","LIM471 - Ephraim Mogale","30-39","6481","8353","14834","2026-09-22"
"Municipality","7","Limpopo","5020","LIM471 - Ephraim Mogale","40-49","5865","7417","13282","2026-09-22"
"Municipality","7","Limpopo","5020","LIM471 - Ephraim Mogale","50-59","4254","5801","10055","2026-09-22"
"Municipality","7","Limpopo","5020","LIM471 - Ephraim Mogale","60-69","3106","4575","7681","2026-09-22"
"Municipality","7","Limpopo","5020","LIM471 - Ephraim Mogale","70-79","1736","2802","4538","2026-09-22"
"Municipality","7","Limpopo","5020","LIM471 - Ephraim Mogale","80+","583","2067","2650","2026-09-22"
"Municipality","7","Limpopo","5021","LIM472 - Elias Motsoaledi","18-19","1638","2166","3804","2026-09-22"
"Municipality","7","Limpopo","5021","LIM472 - Elias Motsoaledi","20-29","12375","14504","26879","2026-09-22"
"Municipality","7","Limpopo","5021","LIM472 - Elias Motsoaledi","30-39","14238","18088","32326","2026-09-22"
"Municipality","7","Limpopo","5021","LIM472 - Elias Motsoaledi","40-49","12350","15429","27779","2026-09-22"
"Municipality","7","Limpopo","5021","LIM472 - Elias Motsoaledi","50-59","8849","11706","20555","2026-09-22"
"Municipality","7","Limpopo","5021","LIM472 - Elias Motsoaledi","60-69","6559","9419","15978","2026-09-22"
"Municipality","7","Limpopo","5021","LIM472 - Elias Motsoaledi","70-79","3433","5840","9273","2026-09-22"
"Municipality","7","Limpopo","5021","LIM472 - Elias Motsoaledi","80+","1145","4080","5225","2026-09-22"
"Municipality","7","Limpopo","7023","LIM473 - Makhuduthamaga","18-19","2738","2993","5731","2026-09-22"
"Municipality","7","Limpopo","7023","LIM473 - Makhuduthamaga","20-29","13240","15083","28323","2026-09-22"
"Municipality","7","Limpopo","7023","LIM473 - Makhuduthamaga","30-39","13416","19095","32511","2026-09-22"
"Municipality","7","Limpopo","7023","LIM473 - Makhuduthamaga","40-49","12189","18774","30963","2026-09-22"
"Municipality","7","Limpopo","7023","LIM473 - Makhuduthamaga","50-59","8689","13982","22671","2026-09-22"
"Municipality","7","Limpopo","7023","LIM473 - Makhuduthamaga","60-69","6940","10981","17921","2026-09-22"
"Municipality","7","Limpopo","7023","LIM473 - Makhuduthamaga","70-79","3983","7187","11170","2026-09-22"
"Municipality","7","Limpopo","7023","LIM473 - Makhuduthamaga","80+","1376","5436","6812","2026-09-22"
"Municipality","7","Limpopo","7725","LIM476 - Fetakgomo Tubatse","18-19","3989","4525","8514","2026-09-22"
"Municipality","7","Limpopo","7725","LIM476 - Fetakgomo Tubatse","20-29","20629","23808","44437","2026-09-22"
"Municipality","7","Limpopo","7725","LIM476 - Fetakgomo Tubatse","30-39","25024","32290","57314","2026-09-22"
"Municipality","7","Limpopo","7725","LIM476 - Fetakgomo Tubatse","40-49","23949","29506","53455","2026-09-22"
"Municipality","7","Limpopo","7725","LIM476 - Fetakgomo Tubatse","50-59","14895","19999","34894","2026-09-22"
"Municipality","7","Limpopo","7725","LIM476 - Fetakgomo Tubatse","60-69","9510","14543","24053","2026-09-22"
"Municipality","7","Limpopo","7725","LIM476 - Fetakgomo Tubatse","70-79","4910","7589","12499","2026-09-22"
"Municipality","7","Limpopo","7725","LIM476 - Fetakgomo Tubatse","80+","1580","6549","8129","2026-09-22"
"Province","5","Mpumalanga","","","18-19","22966","28471","51437","2026-09-22"
"Province","5","Mpumalanga","","","20-29","169992","206380","376372","2026-09-22"
"Province","5","Mpumalanga","","","30-39","255128","294049","549177","2026-09-22"
"Province","5","Mpumalanga","","","40-49","229742","249929","479671","2026-09-22"
"Province","5","Mpumalanga","","","50-59","152661","183244","335905","2026-09-22"
"Province","5","Mpumalanga","","","60-69","96239","127406","223645","2026-09-22"
"Province","5","Mpumalanga","","","70-79","41464","65002","106466","2026-09-22"
"Province","5","Mpumalanga","","","80+","12936","34077","47013","2026-09-22"
"Municipality","5","Mpumalanga","5502","MP301 - Chief Albert Luthuli","18-19","1441","1576","3017","2026-09-22"
"Municipality","5","Mpumalanga","5502","MP301 - Chief Albert Luthuli","20-29","9664","11578","21242","2026-09-22"
"Municipality","5","Mpumalanga","5502","MP301 - Chief Albert Luthuli","30-39","12546","14651","27197","2026-09-22"
"Municipality","5","Mpumalanga","5502","MP301 - Chief Albert Luthuli","40-49","9482","10719","20201","2026-09-22"
"Municipality","5","Mpumalanga","5502","MP301 - Chief Albert Luthuli","50-59","5946","7938","13884","2026-09-22"
"Municipality","5","Mpumalanga","5502","MP301 - Chief Albert Luthuli","60-69","4146","6218","10364","2026-09-22"
"Municipality","5","Mpumalanga","5502","MP301 - Chief Albert Luthuli","70-79","1988","3518","5506","2026-09-22"
"Municipality","5","Mpumalanga","5502","MP301 - Chief Albert Luthuli","80+","741","2062","2803","2026-09-22"
"Municipality","5","Mpumalanga","5503","MP302 - Msukaligwa","18-19","596","760","1356","2026-09-22"
"Municipality","5","Mpumalanga","5503","MP302 - Msukaligwa","20-29","5688","7464","13152","2026-09-22"
"Municipality","5","Mpumalanga","5503","MP302 - Msukaligwa","30-39","9663","11099","20762","2026-09-22"
"Municipality","5","Mpumalanga","5503","MP302 - Msukaligwa","40-49","8553","8949","17502","2026-09-22"
"Municipality","5","Mpumalanga","5503","MP302 - Msukaligwa","50-59","5477","6172","11649","2026-09-22"
"Municipality","5","Mpumalanga","5503","MP302 - Msukaligwa","60-69","3343","4510","7853","2026-09-22"
"Municipality","5","Mpumalanga","5503","MP302 - Msukaligwa","70-79","1418","2104","3522","2026-09-22"
"Municipality","5","Mpumalanga","5503","MP302 - Msukaligwa","80+","355","851","1206","2026-09-22"
"Municipality","5","Mpumalanga","5504","MP303 - Mkhondo","18-19","681","843","1524","2026-09-22"
"Municipality","5","Mpumalanga","5504","MP303 - Mkhondo","20-29","6335","8000","14335","2026-09-22"
"Municipality","5","Mpumalanga","5504","MP303 - Mkhondo","30-39","9801","11503","21304","2026-09-22"
"Municipality","5","Mpumalanga","5504","MP303 - Mkhondo","40-49","7656","8573","16229","2026-09-22"
"Municipality","5","Mpumalanga","5504","MP303 - Mkhondo","50-59","5336","6652","11988","2026-09-22"
"Municipality","5","Mpumalanga","5504","MP303 - Mkhondo","60-69","3086","4951","8037","2026-09-22"
"Municipality","5","Mpumalanga","5504","MP303 - Mkhondo","70-79","1411","2556","3967","2026-09-22"
"Municipality","5","Mpumalanga","5504","MP303 - Mkhondo","80+","617","2033","2650","2026-09-22"
"Municipality","5","Mpumalanga","5505","MP304 - Dr Pixley Ka Isaka Seme","18-19","522","722","1244","2026-09-22"
"Municipality","5","Mpumalanga","5505","MP304 - Dr Pixley Ka Isaka Seme","20-29","3762","4693","8455","2026-09-22"
"Municipality","5","Mpumalanga","5505","MP304 - Dr Pixley Ka Isaka Seme","30-39","5276","6045","11321","2026-09-22"
"Municipality","5","Mpumalanga","5505","MP304 - Dr Pixley Ka Isaka Seme","40-49","4372","4621","8993","2026-09-22"
"Municipality","5","Mpumalanga","5505","MP304 - Dr Pixley Ka Isaka Seme","50-59","2920","3449","6369","2026-09-22"
"Municipality","5","Mpumalanga","5505","MP304 - Dr Pixley Ka Isaka Seme","60-69","1943","2875","4818","2026-09-22"
"Municipality","5","Mpumalanga","5505","MP304 - Dr Pixley Ka Isaka Seme","70-79","864","1526","2390","2026-09-22"
"Municipality","5","Mpumalanga","5505","MP304 - Dr Pixley Ka Isaka Seme","80+","290","664","954","2026-09-22"
"Municipality","5","Mpumalanga","5506","MP305 - Lekwa","18-19","564","687","1251","2026-09-22"
"Municipality","5","Mpumalanga","5506","MP305 - Lekwa","20-29","3891","4964","8855","2026-09-22"
"Municipality","5","Mpumalanga","5506","MP305 - Lekwa","30-39","6493","7460","13953","2026-09-22"
"Municipality","5","Mpumalanga","5506","MP305 - Lekwa","40-49","6237","6490","12727","2026-09-22"
"Municipality","5","Mpumalanga","5506","MP305 - Lekwa","50-59","4511","4931","9442","2026-09-22"
"Municipality","5","Mpumalanga","5506","MP305 - Lekwa","60-69","2830","3795","6625","2026-09-22"
"Municipality","5","Mpumalanga","5506","MP305 - Lekwa","70-79","1126","1710","2836","2026-09-22"
"Municipality","5","Mpumalanga","5506","MP305 - Lekwa","80+","304","712","1016","2026-09-22"
"Municipality","5","Mpumalanga","5507","MP306 - Dipaleseng","18-19","159","232","391","2026-09-22"
"Municipality","5","Mpumalanga","5507","MP306 - Dipaleseng","20-29","1525","1984","3509","2026-09-22"
"Municipality","5","Mpumalanga","5507","MP306 - Dipaleseng","30-39","2576","2836","5412","2026-09-22"
"Municipality","5","Mpumalanga","5507","MP306 - Dipaleseng","40-49","2732","2662","5394","2026-09-22"
"Municipality","5","Mpumalanga","5507","MP306 - Dipaleseng","50-59","1876","1983","3859","2026-09-22"
"Municipality","5","Mpumalanga","5507","MP306 - Dipaleseng","60-69","1153","1456","2609","2026-09-22"
"Municipality","5","Mpumalanga","5507","MP306 - Dipaleseng","70-79","483","764","1247","2026-09-22"
"Municipality","5","Mpumalanga","5507","MP306 - Dipaleseng","80+","140","318","458","2026-09-22"
"Municipality","5","Mpumalanga","5508","MP307 - Govan Mbeki","18-19","955","1231","2186","2026-09-22"
"Municipality","5","Mpumalanga","5508","MP307 - Govan Mbeki","20-29","9834","12317","22151","2026-09-22"
"Municipality","5","Mpumalanga","5508","MP307 - Govan Mbeki","30-39","20485","20140","40625","2026-09-22"
"Municipality","5","Mpumalanga","5508","MP307 - Govan Mbeki","40-49","20137","17502","37639","2026-09-22"
"Municipality","5","Mpumalanga","5508","MP307 - Govan Mbeki","50-59","12900","12623","25523","2026-09-22"
"Municipality","5","Mpumalanga","5508","MP307 - Govan Mbeki","60-69","8585","9600","18185","2026-09-22"
"Municipality","5","Mpumalanga","5508","MP307 - Govan Mbeki","70-79","2924","3870","6794","2026-09-22"
"Municipality","5","Mpumalanga","5508","MP307 - Govan Mbeki","80+","612","1331","1943","2026-09-22"
"Municipality","5","Mpumalanga","5510","MP311 - Victor Khanye","18-19","340","414","754","2026-09-22"
"Municipality","5","Mpumalanga","5510","MP311 - Victor Khanye","20-29","3441","3890","7331","2026-09-22"
"Municipality","5","Mpumalanga","5510","MP311 - Victor Khanye","30-39","5179","5310","10489","2026-09-22"
"Municipality","5","Mpumalanga","5510","MP311 - Victor Khanye","40-49","4693","4495","9188","2026-09-22"
"Municipality","5","Mpumalanga","5510","MP311 - Victor Khanye","50-59","3301","3153","6454","2026-09-22"
"Municipality","5","Mpumalanga","5510","MP311 - Victor Khanye","60-69","1995","2341","4336","2026-09-22"
"Municipality","5","Mpumalanga","5510","MP311 - Victor Khanye","70-79","764","1115","1879","2026-09-22"
"Municipality","5","Mpumalanga","5510","MP311 - Victor Khanye","80+","199","411","610","2026-09-22"
"Municipality","5","Mpumalanga","5511","MP312 - Emalahleni","18-19","1481","1836","3317","2026-09-22"
"Municipality","5","Mpumalanga","5511","MP312 - Emalahleni","20-29","16808","19279","36087","2026-09-22"
"Municipality","5","Mpumalanga","5511","MP312 - Emalahleni","30-39","30364","28495","58859","2026-09-22"
"Municipality","5","Mpumalanga","5511","MP312 - Emalahleni","40-49","28793","23877","52670","2026-09-22"
"Municipality","5","Mpumalanga","5511","MP312 - Emalahleni","50-59","17583","16920","34503","2026-09-22"
"Municipality","5","Mpumalanga","5511","MP312 - Emalahleni","60-69","10958","11672","22630","2026-09-22"
"Municipality","5","Mpumalanga","5511","MP312 - Emalahleni","70-79","3881","5039","8920","2026-09-22"
"Municipality","5","Mpumalanga","5511","MP312 - Emalahleni","80+","916","1678","2594","2026-09-22"
"Municipality","5","Mpumalanga","5512","MP313 - Steve Tshwete","18-19","853","1208","2061","2026-09-22"
"Municipality","5","Mpumalanga","5512","MP313 - Steve Tshwete","20-29","7748","9489","17237","2026-09-22"
"Municipality","5","Mpumalanga","5512","MP313 - Steve Tshwete","30-39","14809","15264","30073","2026-09-22"
"Municipality","5","Mpumalanga","5512","MP313 - Steve Tshwete","40-49","15561","13770","29331","2026-09-22"
"Municipality","5","Mpumalanga","5512","MP313 - Steve Tshwete","50-59","11096","10712","21808","2026-09-22"
"Municipality","5","Mpumalanga","5512","MP313 - Steve Tshwete","60-69","6599","7321","13920","2026-09-22"
"Municipality","5","Mpumalanga","5512","MP313 - Steve Tshwete","70-79","2545","3351","5896","2026-09-22"
"Municipality","5","Mpumalanga","5512","MP313 - Steve Tshwete","80+","590","1287","1877","2026-09-22"
"Municipality","5","Mpumalanga","5513","MP314 - Emakhazeni","18-19","225","303","528","2026-09-22"
"Municipality","5","Mpumalanga","5513","MP314 - Emakhazeni","20-29","2133","2563","4696","2026-09-22"
"Municipality","5","Mpumalanga","5513","MP314 - Emakhazeni","30-39","3349","3506","6855","2026-09-22"
"Municipality","5","Mpumalanga","5513","MP314 - Emakhazeni","40-49","3179","2932","6111","2026-09-22"
"Municipality","5","Mpumalanga","5513","MP314 - Emakhazeni","50-59","2228","2297","4525","2026-09-22"
"Municipality","5","Mpumalanga","5513","MP314 - Emakhazeni","60-69","1381","1635","3016","2026-09-22"
"Municipality","5","Mpumalanga","5513","MP314 - Emakhazeni","70-79","607","835","1442","2026-09-22"
"Municipality","5","Mpumalanga","5513","MP314 - Emakhazeni","80+","204","417","621","2026-09-22"
"Municipality","5","Mpumalanga","5514","MP315 - Thembisile Hani","18-19","1234","1879","3113","2026-09-22"
"Municipality","5","Mpumalanga","5514","MP315 - Thembisile Hani","20-29","10995","14278","25273","2026-09-22"
"Municipality","5","Mpumalanga","5514","MP315 - Thembisile Hani","30-39","17381","22001","39382","2026-09-22"
"Municipality","5","Mpumalanga","5514","MP315 - Thembisile Hani","40-49","17161","20263","37424","2026-09-22"
"Municipality","5","Mpumalanga","5514","MP315 - Thembisile Hani","50-59","12967","15924","28891","2026-09-22"
"Municipality","5","Mpumalanga","5514","MP315 - Thembisile Hani","60-69","8436","12054","20490","2026-09-22"
"Municipality","5","Mpumalanga","5514","MP315 - Thembisile Hani","70-79","3958","6673","10631","2026-09-22"
"Municipality","5","Mpumalanga","5514","MP315 - Thembisile Hani","80+","936","2810","3746","2026-09-22"
"Municipality","5","Mpumalanga","5515","MP316 - Dr JS Moroka","18-19","1048","1324","2372","2026-09-22"
"Municipality","5","Mpumalanga","5515","MP316 - Dr JS Moroka","20-29","9511","11273","20784","2026-09-22"
"Municipality","5","Mpumalanga","5515","MP316 - Dr JS Moroka","30-39","13534","16428","29962","2026-09-22"
"Municipality","5","Mpumalanga","5515","MP316 - Dr JS Moroka","40-49","12206","14674","26880","2026-09-22"
"Municipality","5","Mpumalanga","5515","MP316 - Dr JS Moroka","50-59","9536","11708","21244","2026-09-22"
"Municipality","5","Mpumalanga","5515","MP316 - Dr JS Moroka","60-69","7115","9662","16777","2026-09-22"
"Municipality","5","Mpumalanga","5515","MP316 - Dr JS Moroka","70-79","3916","6470","10386","2026-09-22"
"Municipality","5","Mpumalanga","5515","MP316 - Dr JS Moroka","80+","1207","4077","5284","2026-09-22"
"Municipality","5","Mpumalanga","5517","MP321 - Thaba Chweu","18-19","753","934","1687","2026-09-22"
"Municipality","5","Mpumalanga","5517","MP321 - Thaba Chweu","20-29","4619","5017","9636","2026-09-22"
"Municipality","5","Mpumalanga","5517","MP321 - Thaba Chweu","30-39","6328","6898","13226","2026-09-22"
"Municipality","5","Mpumalanga","5517","MP321 - Thaba Chweu","40-49","6667","6624","13291","2026-09-22"
"Municipality","5","Mpumalanga","5517","MP321 - Thaba Chweu","50-59","4925","5017","9942","2026-09-22"
"Municipality","5","Mpumalanga","5517","MP321 - Thaba Chweu","60-69","2754","3170","5924","2026-09-22"
"Municipality","5","Mpumalanga","5517","MP321 - Thaba Chweu","70-79","1143","1643","2786","2026-09-22"
"Municipality","5","Mpumalanga","5517","MP321 - Thaba Chweu","80+","323","772","1095","2026-09-22"
"Municipality","5","Mpumalanga","5520","MP324 - Nkomazi","18-19","3233","3722","6955","2026-09-22"
"Municipality","5","Mpumalanga","5520","MP324 - Nkomazi","20-29","19501","23152","42653","2026-09-22"
"Municipality","5","Mpumalanga","5520","MP324 - Nkomazi","30-39","24430","30746","55176","2026-09-22"
"Municipality","5","Mpumalanga","5520","MP324 - Nkomazi","40-49","18266","23918","42184","2026-09-22"
"Municipality","5","Mpumalanga","5520","MP324 - Nkomazi","50-59","10295","16037","26332","2026-09-22"
"Municipality","5","Mpumalanga","5520","MP324 - Nkomazi","60-69","6743","9515","16258","2026-09-22"
"Municipality","5","Mpumalanga","5520","MP324 - Nkomazi","70-79","3024","4986","8010","2026-09-22"
"Municipality","5","Mpumalanga","5520","MP324 - Nkomazi","80+","1330","3596","4926","2026-09-22"
"Municipality","5","Mpumalanga","7027","MP325 - Bushbuckridge","18-19","5050","5805","10855","2026-09-22"
"Municipality","5","Mpumalanga","7027","MP325 - Bushbuckridge","20-29","25912","30447","56359","2026-09-22"
"Municipality","5","Mpumalanga","7027","MP325 - Bushbuckridge","30-39","31739","42156","73895","2026-09-22"
"Municipality","5","Mpumalanga","7027","MP325 - Bushbuckridge","40-49","25892","36459","62351","2026-09-22"
"Municipality","5","Mpumalanga","7027","MP325 - Bushbuckridge","50-59","16133","25766","41899","2026-09-22"
"Municipality","5","Mpumalanga","7027","MP325 - Bushbuckridge","60-69","9861","16473","26334","2026-09-22"
"Municipality","5","Mpumalanga","7027","MP325 - Bushbuckridge","70-79","4891","8914","13805","2026-09-22"
"Municipality","5","Mpumalanga","7027","MP325 - Bushbuckridge","80+","1818","5906","7724","2026-09-22"
"Municipality","5","Mpumalanga","5524","MP326 - City of Mbombela","18-19","3831","4995","8826","2026-09-22"
"Municipality","5","Mpumalanga","5524","MP326 - City of Mbombela","20-29","28625","35992","64617","2026-09-22"
"Municipality","5","Mpumalanga","5524","MP326 - City of Mbombela","30-39","41175","49511","90686","2026-09-22"
"Municipality","5","Mpumalanga","5524","MP326 - City of Mbombela","40-49","38155","43401","81556","2026-09-22"
"Municipality","5","Mpumalanga","5524","MP326 - City of Mbombela","50-59","25631","31962","57593","2026-09-22"
"Municipality","5","Mpumalanga","5524","MP326 - City of Mbombela","60-69","15311","20158","35469","2026-09-22"
"Municipality","5","Mpumalanga","5524","MP326 - City of Mbombela","70-79","6521","9928","16449","2026-09-22"
"Municipality","5","Mpumalanga","5524","MP326 - City of Mbombela","80+","2354","5152","7506","2026-09-22"
"Province","8","North West","","","18-19","26432","31440","57872","2026-09-22"
"Province","8","North West","","","20-29","150987","172630","323617","2026-09-22"
"Province","8","North West","","","30-39","197150","218765","415915","2026-09-22"
"Province","8","North West","","","40-49","206904","205049","411953","2026-09-22"
"Province","8","North West","","","50-59","153647","161308","314955","2026-09-22"
"Province","8","North West","","","60-69","101934","123199","225133","2026-09-22"
"Province","8","North West","","","70-79","44044","67068","111112","2026-09-22"
"Province","8","North West","","","80+","14370","32102","46472","2026-09-22"
"Municipality","8","North West","8802","NW371 - Moretele","18-19","1702","1905","3607","2026-09-22"
"Municipality","8","North West","8802","NW371 - Moretele","20-29","8254","9197","17451","2026-09-22"
"Municipality","8","North West","8802","NW371 - Moretele","30-39","10005","12446","22451","2026-09-22"
"Municipality","8","North West","8802","NW371 - Moretele","40-49","10471","11942","22413","2026-09-22"
"Municipality","8","North West","8802","NW371 - Moretele","50-59","7881","8678","16559","2026-09-22"
"Municipality","8","North West","8802","NW371 - Moretele","60-69","5461","7079","12540","2026-09-22"
"Municipality","8","North West","8802","NW371 - Moretele","70-79","3059","4996","8055","2026-09-22"
"Municipality","8","North West","8802","NW371 - Moretele","80+","1022","2884","3906","2026-09-22"
"Municipality","8","North West","8803","NW372 - Madibeng","18-19","2782","3550","6332","2026-09-22"
"Municipality","8","North West","8803","NW372 - Madibeng","20-29","18567","20574","39141","2026-09-22"
"Municipality","8","North West","8803","NW372 - Madibeng","30-39","26431","29386","55817","2026-09-22"
"Municipality","8","North West","8803","NW372 - Madibeng","40-49","30342","27928","58270","2026-09-22"
"Municipality","8","North West","8803","NW372 - Madibeng","50-59","22203","21616","43819","2026-09-22"
"Municipality","8","North West","8803","NW372 - Madibeng","60-69","14096","15944","30040","2026-09-22"
"Municipality","8","North West","8803","NW372 - Madibeng","70-79","6534","8814","15348","2026-09-22"
"Municipality","8","North West","8803","NW372 - Madibeng","80+","1907","3778","5685","2026-09-22"
"Municipality","8","North West","8804","NW373 - Rustenburg","18-19","3957","4588","8545","2026-09-22"
"Municipality","8","North West","8804","NW373 - Rustenburg","20-29","23772","25339","49111","2026-09-22"
"Municipality","8","North West","8804","NW373 - Rustenburg","30-39","41910","38094","80004","2026-09-22"
"Municipality","8","North West","8804","NW373 - Rustenburg","40-49","47419","33865","81284","2026-09-22"
"Municipality","8","North West","8804","NW373 - Rustenburg","50-59","31662","23983","55645","2026-09-22"
"Municipality","8","North West","8804","NW373 - Rustenburg","60-69","17084","15386","32470","2026-09-22"
"Municipality","8","North West","8804","NW373 - Rustenburg","70-79","5521","7107","12628","2026-09-22"
"Municipality","8","North West","8804","NW373 - Rustenburg","80+","1601","3211","4812","2026-09-22"
"Municipality","8","North West","8805","NW374 - Kgetlengrivier","18-19","288","406","694","2026-09-22"
"Municipality","8","North West","8805","NW374 - Kgetlengrivier","20-29","2195","2592","4787","2026-09-22"
"Municipality","8","North West","8805","NW374 - Kgetlengrivier","30-39","2440","2867","5307","2026-09-22"
"Municipality","8","North West","8805","NW374 - Kgetlengrivier","40-49","2448","2506","4954","2026-09-22"
"Municipality","8","North West","8805","NW374 - Kgetlengrivier","50-59","2064","2201","4265","2026-09-22"
"Municipality","8","North West","8805","NW374 - Kgetlengrivier","60-69","1429","1593","3022","2026-09-22"
"Municipality","8","North West","8805","NW374 - Kgetlengrivier","70-79","600","855","1455","2026-09-22"
"Municipality","8","North West","8805","NW374 - Kgetlengrivier","80+","202","380","582","2026-09-22"
"Municipality","8","North West","8806","NW375 - Moses Kotane","18-19","1785","2121","3906","2026-09-22"
"Municipality","8","North West","8806","NW375 - Moses Kotane","20-29","10126","11248","21374","2026-09-22"
"Municipality","8","North West","8806","NW375 - Moses Kotane","30-39","13876","15392","29268","2026-09-22"
"Municipality","8","North West","8806","NW375 - Moses Kotane","40-49","14419","13914","28333","2026-09-22"
"Municipality","8","North West","8806","NW375 - Moses Kotane","50-59","10494","11470","21964","2026-09-22"
"Municipality","8","North West","8806","NW375 - Moses Kotane","60-69","8045","10070","18115","2026-09-22"
"Municipality","8","North West","8806","NW375 - Moses Kotane","70-79","3955","6140","10095","2026-09-22"
"Municipality","8","North West","8806","NW375 - Moses Kotane","80+","1429","3297","4726","2026-09-22"
"Municipality","8","North West","8808","NW381 - Ratlou","18-19","1071","1232","2303","2026-09-22"
"Municipality","8","North West","8808","NW381 - Ratlou","20-29","4860","5624","10484","2026-09-22"
"Municipality","8","North West","8808","NW381 - Ratlou","30-39","5472","6615","12087","2026-09-22"
"Municipality","8","North West","8808","NW381 - Ratlou","40-49","4681","5655","10336","2026-09-22"
"Municipality","8","North West","8808","NW381 - Ratlou","50-59","3488","4439","7927","2026-09-22"
"Municipality","8","North West","8808","NW381 - Ratlou","60-69","2855","4116","6971","2026-09-22"
"Municipality","8","North West","8808","NW381 - Ratlou","70-79","1444","2458","3902","2026-09-22"
"Municipality","8","North West","8808","NW381 - Ratlou","80+","590","1385","1975","2026-09-22"
"Municipality","8","North West","8809","NW382 - Tswaing","18-19","840","895","1735","2026-09-22"
"Municipality","8","North West","8809","NW382 - Tswaing","20-29","4870","5343","10213","2026-09-22"
"Municipality","8","North West","8809","NW382 - Tswaing","30-39","5778","6462","12240","2026-09-22"
"Municipality","8","North West","8809","NW382 - Tswaing","40-49","5433","5946","11379","2026-09-22"
"Municipality","8","North West","8809","NW382 - Tswaing","50-59","3997","4549","8546","2026-09-22"
"Municipality","8","North West","8809","NW382 - Tswaing","60-69","2930","3814","6744","2026-09-22"
"Municipality","8","North West","8809","NW382 - Tswaing","70-79","1348","2051","3399","2026-09-22"
"Municipality","8","North West","8809","NW382 - Tswaing","80+","412","994","1406","2026-09-22"
"Municipality","8","North West","8810","NW383 - Mafikeng","18-19","2015","2595","4610","2026-09-22"
"Municipality","8","North West","8810","NW383 - Mafikeng","20-29","11240","14023","25263","2026-09-22"
"Municipality","8","North West","8810","NW383 - Mafikeng","30-39","14696","17734","32430","2026-09-22"
"Municipality","8","North West","8810","NW383 - Mafikeng","40-49","14383","16744","31127","2026-09-22"
"Municipality","8","North West","8810","NW383 - Mafikeng","50-59","11655","14536","26191","2026-09-22"
"Municipality","8","North West","8810","NW383 - Mafikeng","60-69","7934","10832","18766","2026-09-22"
"Municipality","8","North West","8810","NW383 - Mafikeng","70-79","3127","5240","8367","2026-09-22"
"Municipality","8","North West","8810","NW383 - Mafikeng","80+","1086","2377","3463","2026-09-22"
"Municipality","8","North West","8811","NW384 - Ditsobotla","18-19","1311","1455","2766","2026-09-22"
"Municipality","8","North West","8811","NW384 - Ditsobotla","20-29","6698","7437","14135","2026-09-22"
"Municipality","8","North West","8811","NW384 - Ditsobotla","30-39","7824","8856","16680","2026-09-22"
"Municipality","8","North West","8811","NW384 - Ditsobotla","40-49","8396","8882","17278","2026-09-22"
"Municipality","8","North West","8811","NW384 - Ditsobotla","50-59","6386","7159","13545","2026-09-22"
"Municipality","8","North West","8811","NW384 - Ditsobotla","60-69","4282","5354","9636","2026-09-22"
"Municipality","8","North West","8811","NW384 - Ditsobotla","70-79","1743","2807","4550","2026-09-22"
"Municipality","8","North West","8811","NW384 - Ditsobotla","80+","573","1251","1824","2026-09-22"
"Municipality","8","North West","8812","NW385 - Ramotshere Moiloa","18-19","1228","1397","2625","2026-09-22"
"Municipality","8","North West","8812","NW385 - Ramotshere Moiloa","20-29","6371","7320","13691","2026-09-22"
"Municipality","8","North West","8812","NW385 - Ramotshere Moiloa","30-39","6962","8427","15389","2026-09-22"
"Municipality","8","North West","8812","NW385 - Ramotshere Moiloa","40-49","6657","8102","14759","2026-09-22"
"Municipality","8","North West","8812","NW385 - Ramotshere Moiloa","50-59","5548","7026","12574","2026-09-22"
"Municipality","8","North West","8812","NW385 - Ramotshere Moiloa","60-69","4318","5750","10068","2026-09-22"
"Municipality","8","North West","8812","NW385 - Ramotshere Moiloa","70-79","2147","3656","5803","2026-09-22"
"Municipality","8","North West","8812","NW385 - Ramotshere Moiloa","80+","803","1913","2716","2026-09-22"
"Municipality","8","North West","8815","NW392 - Naledi","18-19","580","755","1335","2026-09-22"
"Municipality","8","North West","8815","NW392 - Naledi","20-29","3387","3912","7299","2026-09-22"
"Municipality","8","North West","8815","NW392 - Naledi","30-39","3895","4298","8193","2026-09-22"
"Municipality","8","North West","8815","NW392 - Naledi","40-49","3815","4021","7836","2026-09-22"
"Municipality","8","North West","8815","NW392 - Naledi","50-59","2983","3185","6168","2026-09-22"
"Municipality","8","North West","8815","NW392 - Naledi","60-69","1786","2301","4087","2026-09-22"
"Municipality","8","North West","8815","NW392 - Naledi","70-79","755","1199","1954","2026-09-22"
"Municipality","8","North West","8815","NW392 - Naledi","80+","227","515","742","2026-09-22"
"Municipality","8","North West","8816","NW393 - Mamusa","18-19","664","721","1385","2026-09-22"
"Municipality","8","North West","8816","NW393 - Mamusa","20-29","3245","3630","6875","2026-09-22"
"Municipality","8","North West","8816","NW393 - Mamusa","30-39","3491","4053","7544","2026-09-22"
"Municipality","8","North West","8816","NW393 - Mamusa","40-49","3267","3743","7010","2026-09-22"
"Municipality","8","North West","8816","NW393 - Mamusa","50-59","2343","2532","4875","2026-09-22"
"Municipality","8","North West","8816","NW393 - Mamusa","60-69","1561","2023","3584","2026-09-22"
"Municipality","8","North West","8816","NW393 - Mamusa","70-79","644","998","1642","2026-09-22"
"Municipality","8","North West","8816","NW393 - Mamusa","80+","212","440","652","2026-09-22"
"Municipality","8","North West","8817","NW394 - Greater Taung","18-19","1490","1794","3284","2026-09-22"
"Municipality","8","North West","8817","NW394 - Greater Taung","20-29","8274","9739","18013","2026-09-22"
"Municipality","8","North West","8817","NW394 - Greater Taung","30-39","9493","11778","21271","2026-09-22"
"Municipality","8","North West","8817","NW394 - Greater Taung","40-49","8808","10496","19304","2026-09-22"
"Municipality","8","North West","8817","NW394 - Greater Taung","50-59","6410","8143","14553","2026-09-22"
"Municipality","8","North West","8817","NW394 - Greater Taung","60-69","5456","7335","12791","2026-09-22"
"Municipality","8","North West","8817","NW394 - Greater Taung","70-79","2643","4493","7136","2026-09-22"
"Municipality","8","North West","8817","NW394 - Greater Taung","80+","871","2435","3306","2026-09-22"
"Municipality","8","North West","8819","NW396 - Lekwa-Teemane","18-19","413","509","922","2026-09-22"
"Municipality","8","North West","8819","NW396 - Lekwa-Teemane","20-29","2820","3116","5936","2026-09-22"
"Municipality","8","North West","8819","NW396 - Lekwa-Teemane","30-39","3077","3427","6504","2026-09-22"
"Municipality","8","North West","8819","NW396 - Lekwa-Teemane","40-49","2928","3116","6044","2026-09-22"
"Municipality","8","North West","8819","NW396 - Lekwa-Teemane","50-59","2178","2467","4645","2026-09-22"
"Municipality","8","North West","8819","NW396 - Lekwa-Teemane","60-69","1380","1684","3064","2026-09-22"
"Municipality","8","North West","8819","NW396 - Lekwa-Teemane","70-79","577","965","1542","2026-09-22"
"Municipality","8","North West","8819","NW396 - Lekwa-Teemane","80+","204","405","609","2026-09-22"
"Municipality","8","North West","8825","NW397 - Kagisano-Molopo","18-19","1256","1445","2701","2026-09-22"
"Municipality","8","North West","8825","NW397 - Kagisano-Molopo","20-29","5457","6537","11994","2026-09-22"
"Municipality","8","North West","8825","NW397 - Kagisano-Molopo","30-39","6178","7475","13653","2026-09-22"
"Municipality","8","North West","8825","NW397 - Kagisano-Molopo","40-49","5273","6703","11976","2026-09-22"
"Municipality","8","North West","8825","NW397 - Kagisano-Molopo","50-59","3990","5145","9135","2026-09-22"
"Municipality","8","North West","8825","NW397 - Kagisano-Molopo","60-69","3094","4105","7199","2026-09-22"
"Municipality","8","North West","8825","NW397 - Kagisano-Molopo","70-79","1355","2145","3500","2026-09-22"
"Municipality","8","North West","8825","NW397 - Kagisano-Molopo","80+","475","1161","1636","2026-09-22"
"Municipality","8","North West","8823","NW403 - Matlosana","18-19","2597","2979","5576","2026-09-22"
"Municipality","8","North West","8823","NW403 - Matlosana","20-29","14369","16420","30789","2026-09-22"
"Municipality","8","North West","8823","NW403 - Matlosana","30-39","19126","22618","41744","2026-09-22"
"Municipality","8","North West","8823","NW403 - Matlosana","40-49","21367","22985","44352","2026-09-22"
"Municipality","8","North West","8823","NW403 - Matlosana","50-59","16639","19294","35933","2026-09-22"
"Municipality","8","North West","8823","NW403 - Matlosana","60-69","11697","15138","26835","2026-09-22"
"Municipality","8","North West","8823","NW403 - Matlosana","70-79","5015","7361","12376","2026-09-22"
"Municipality","8","North West","8823","NW403 - Matlosana","80+","1499","3113","4612","2026-09-22"
"Municipality","8","North West","8824","NW404 - Maquassi Hills","18-19","606","652","1258","2026-09-22"
"Municipality","8","North West","8824","NW404 - Maquassi Hills","20-29","3766","4407","8173","2026-09-22"
"Municipality","8","North West","8824","NW404 - Maquassi Hills","30-39","4346","5176","9522","2026-09-22"
"Municipality","8","North West","8824","NW404 - Maquassi Hills","40-49","4463","4878","9341","2026-09-22"
"Municipality","8","North West","8824","NW404 - Maquassi Hills","50-59","3192","3466","6658","2026-09-22"
"Municipality","8","North West","8824","NW404 - Maquassi Hills","60-69","2026","2444","4470","2026-09-22"
"Municipality","8","North West","8824","NW404 - Maquassi Hills","70-79","806","1219","2025","2026-09-22"
"Municipality","8","North West","8824","NW404 - Maquassi Hills","80+","247","535","782","2026-09-22"
"Municipality","8","North West","8826","NW405 - JB Marks","18-19","1847","2441","4288","2026-09-22"
"Municipality","8","North West","8826","NW405 - JB Marks","20-29","12716","16172","28888","2026-09-22"
"Municipality","8","North West","8826","NW405 - JB Marks","30-39","12150","13661","25811","2026-09-22"
"Municipality","8","North West","8826","NW405 - JB Marks","40-49","12334","13623","25957","2026-09-22"
"Municipality","8","North West","8826","NW405 - JB Marks","50-59","10534","11419","21953","2026-09-22"
"Municipality","8","North West","8826","NW405 - JB Marks","60-69","6500","8231","14731","2026-09-22"
"Municipality","8","North West","8826","NW405 - JB Marks","70-79","2771","4564","7335","2026-09-22"
"Municipality","8","North West","8826","NW405 - JB Marks","80+","1010","2028","3038","2026-09-22"
"Province","6","Northern Cape","","","18-19","8941","10617","19558","2026-09-22"
"Province","6","Northern Cape","","","20-29","61772","71755","133527","2026-09-22"
"Province","6","Northern Cape","","","30-39","79471","85759","165230","2026-09-22"
"Province","6","Northern Cape","","","40-49","75285","76617","151902","2026-09-22"
"Province","6","Northern Cape","","","50-59","55322","60689","116011","2026-09-22"
"Province","6","Northern Cape","","","60-69","34261","43556","77817","2026-09-22"
"Province","6","Northern Cape","","","70-79","13857","21914","35771","2026-09-22"
"Province","6","Northern Cape","","","80+","4356","9518","13874","2026-09-22"
"Municipality","6","Northern Cape","6602","NC061 - RICHTERSVELD","18-19","97","125","222","2026-09-22"
"Municipality","6","Northern Cape","6602","NC061 - RICHTERSVELD","20-29","626","633","1259","2026-09-22"
"Municipality","6","Northern Cape","6602","NC061 - RICHTERSVELD","30-39","831","723","1554","2026-09-22"
"Municipality","6","Northern Cape","6602","NC061 - RICHTERSVELD","40-49","873","727","1600","2026-09-22"
"Municipality","6","Northern Cape","6602","NC061 - RICHTERSVELD","50-59","718","720","1438","2026-09-22"
"Municipality","6","Northern Cape","6602","NC061 - RICHTERSVELD","60-69","482","554","1036","2026-09-22"
"Municipality","6","Northern Cape","6602","NC061 - RICHTERSVELD","70-79","193","243","436","2026-09-22"
"Municipality","6","Northern Cape","6602","NC061 - RICHTERSVELD","80+","61","83","144","2026-09-22"
"Municipality","6","Northern Cape","6603","NC062 - NAMA KHOI","18-19","350","401","751","2026-09-22"
"Municipality","6","Northern Cape","6603","NC062 - NAMA KHOI","20-29","2388","2611","4999","2026-09-22"
"Municipality","6","Northern Cape","6603","NC062 - NAMA KHOI","30-39","2940","3200","6140","2026-09-22"
"Municipality","6","Northern Cape","6603","NC062 - NAMA KHOI","40-49","3051","3185","6236","2026-09-22"
"Municipality","6","Northern Cape","6603","NC062 - NAMA KHOI","50-59","2807","2969","5776","2026-09-22"
"Municipality","6","Northern Cape","6603","NC062 - NAMA KHOI","60-69","1948","2368","4316","2026-09-22"
"Municipality","6","Northern Cape","6603","NC062 - NAMA KHOI","70-79","882","1293","2175","2026-09-22"
"Municipality","6","Northern Cape","6603","NC062 - NAMA KHOI","80+","262","467","729","2026-09-22"
"Municipality","6","Northern Cape","6604","NC064 - KAMIESBERG","18-19","115","101","216","2026-09-22"
"Municipality","6","Northern Cape","6604","NC064 - KAMIESBERG","20-29","696","675","1371","2026-09-22"
"Municipality","6","Northern Cape","6604","NC064 - KAMIESBERG","30-39","874","713","1587","2026-09-22"
"Municipality","6","Northern Cape","6604","NC064 - KAMIESBERG","40-49","733","646","1379","2026-09-22"
"Municipality","6","Northern Cape","6604","NC064 - KAMIESBERG","50-59","621","618","1239","2026-09-22"
"Municipality","6","Northern Cape","6604","NC064 - KAMIESBERG","60-69","506","578","1084","2026-09-22"
"Municipality","6","Northern Cape","6604","NC064 - KAMIESBERG","70-79","253","332","585","2026-09-22"
"Municipality","6","Northern Cape","6604","NC064 - KAMIESBERG","80+","95","157","252","2026-09-22"
"Municipality","6","Northern Cape","6605","NC065 - HANTAM","18-19","188","232","420","2026-09-22"
"Municipality","6","Northern Cape","6605","NC065 - HANTAM","20-29","1343","1403","2746","2026-09-22"
"Municipality","6","Northern Cape","6605","NC065 - HANTAM","30-39","1576","1645","3221","2026-09-22"
"Municipality","6","Northern Cape","6605","NC065 - HANTAM","40-49","1320","1297","2617","2026-09-22"
"Municipality","6","Northern Cape","6605","NC065 - HANTAM","50-59","1207","1346","2553","2026-09-22"
"Municipality","6","Northern Cape","6605","NC065 - HANTAM","60-69","872","1054","1926","2026-09-22"
"Municipality","6","Northern Cape","6605","NC065 - HANTAM","70-79","388","509","897","2026-09-22"
"Municipality","6","Northern Cape","6605","NC065 - HANTAM","80+","137","258","395","2026-09-22"
"Municipality","6","Northern Cape","6606","NC066 - KAROO HOOGLAND","18-19","82","96","178","2026-09-22"
"Municipality","6","Northern Cape","6606","NC066 - KAROO HOOGLAND","20-29","775","766","1541","2026-09-22"
"Municipality","6","Northern Cape","6606","NC066 - KAROO HOOGLAND","30-39","774","821","1595","2026-09-22"
"Municipality","6","Northern Cape","6606","NC066 - KAROO HOOGLAND","40-49","642","633","1275","2026-09-22"
"Municipality","6","Northern Cape","6606","NC066 - KAROO HOOGLAND","50-59","752","699","1451","2026-09-22"
"Municipality","6","Northern Cape","6606","NC066 - KAROO HOOGLAND","60-69","486","498","984","2026-09-22"
"Municipality","6","Northern Cape","6606","NC066 - KAROO HOOGLAND","70-79","197","291","488","2026-09-22"
"Municipality","6","Northern Cape","6606","NC066 - KAROO HOOGLAND","80+","65","182","247","2026-09-22"
"Municipality","6","Northern Cape","6607","NC067 - KH&#226;I-MA","18-19","118","120","238","2026-09-22"
"Municipality","6","Northern Cape","6607","NC067 - KH&#226;I-MA","20-29","888","809","1697","2026-09-22"
"Municipality","6","Northern Cape","6607","NC067 - KH&#226;I-MA","30-39","1411","1012","2423","2026-09-22"
"Municipality","6","Northern Cape","6607","NC067 - KH&#226;I-MA","40-49","1161","825","1986","2026-09-22"
"Municipality","6","Northern Cape","6607","NC067 - KH&#226;I-MA","50-59","805","698","1503","2026-09-22"
"Municipality","6","Northern Cape","6607","NC067 - KH&#226;I-MA","60-69","381","458","839","2026-09-22"
"Municipality","6","Northern Cape","6607","NC067 - KH&#226;I-MA","70-79","163","185","348","2026-09-22"
"Municipality","6","Northern Cape","6607","NC067 - KH&#226;I-MA","80+","46","86","132","2026-09-22"
"Municipality","6","Northern Cape","6610","NC071 - UBUNTU","18-19","169","198","367","2026-09-22"
"Municipality","6","Northern Cape","6610","NC071 - UBUNTU","20-29","1070","1243","2313","2026-09-22"
"Municipality","6","Northern Cape","6610","NC071 - UBUNTU","30-39","1118","1296","2414","2026-09-22"
"Municipality","6","Northern Cape","6610","NC071 - UBUNTU","40-49","982","1014","1996","2026-09-22"
"Municipality","6","Northern Cape","6610","NC071 - UBUNTU","50-59","818","928","1746","2026-09-22"
"Municipality","6","Northern Cape","6610","NC071 - UBUNTU","60-69","485","605","1090","2026-09-22"
"Municipality","6","Northern Cape","6610","NC071 - UBUNTU","70-79","219","278","497","2026-09-22"
"Municipality","6","Northern Cape","6610","NC071 - UBUNTU","80+","65","110","175","2026-09-22"
"Municipality","6","Northern Cape","6611","NC072 - UMSOBOMVU","18-19","395","452","847","2026-09-22"
"Municipality","6","Northern Cape","6611","NC072 - UMSOBOMVU","20-29","1810","1918","3728","2026-09-22"
"Municipality","6","Northern Cape","6611","NC072 - UMSOBOMVU","30-39","1962","2034","3996","2026-09-22"
"Municipality","6","Northern Cape","6611","NC072 - UMSOBOMVU","40-49","1653","1765","3418","2026-09-22"
"Municipality","6","Northern Cape","6611","NC072 - UMSOBOMVU","50-59","1240","1320","2560","2026-09-22"
"Municipality","6","Northern Cape","6611","NC072 - UMSOBOMVU","60-69","723","1087","1810","2026-09-22"
"Municipality","6","Northern Cape","6611","NC072 - UMSOBOMVU","70-79","311","478","789","2026-09-22"
"Municipality","6","Northern Cape","6611","NC072 - UMSOBOMVU","80+","118","201","319","2026-09-22"
"Municipality","6","Northern Cape","6612","NC073 - EMTHANJENI","18-19","321","415","736","2026-09-22"
"Municipality","6","Northern Cape","6612","NC073 - EMTHANJENI","20-29","2373","2647","5020","2026-09-22"
"Municipality","6","Northern Cape","6612","NC073 - EMTHANJENI","30-39","2783","2958","5741","2026-09-22"
"Municipality","6","Northern Cape","6612","NC073 - EMTHANJENI","40-49","2441","2619","5060","2026-09-22"
"Municipality","6","Northern Cape","6612","NC073 - EMTHANJENI","50-59","1864","2062","3926","2026-09-22"
"Municipality","6","Northern Cape","6612","NC073 - EMTHANJENI","60-69","1099","1530","2629","2026-09-22"
"Municipality","6","Northern Cape","6612","NC073 - EMTHANJENI","70-79","429","753","1182","2026-09-22"
"Municipality","6","Northern Cape","6612","NC073 - EMTHANJENI","80+","138","294","432","2026-09-22"
"Municipality","6","Northern Cape","6613","NC074 - KAREEBERG","18-19","123","173","296","2026-09-22"
"Municipality","6","Northern Cape","6613","NC074 - KAREEBERG","20-29","802","918","1720","2026-09-22"
"Municipality","6","Northern Cape","6613","NC074 - KAREEBERG","30-39","864","1011","1875","2026-09-22"
"Municipality","6","Northern Cape","6613","NC074 - KAREEBERG","40-49","713","713","1426","2026-09-22"
"Municipality","6","Northern Cape","6613","NC074 - KAREEBERG","50-59","613","643","1256","2026-09-22"
"Municipality","6","Northern Cape","6613","NC074 - KAREEBERG","60-69","405","495","900","2026-09-22"
"Municipality","6","Northern Cape","6613","NC074 - KAREEBERG","70-79","197","262","459","2026-09-22"
"Municipality","6","Northern Cape","6613","NC074 - KAREEBERG","80+","66","129","195","2026-09-22"
"Municipality","6","Northern Cape","6614","NC075 - RENOSTERBERG","18-19","111","149","260","2026-09-22"
"Municipality","6","Northern Cape","6614","NC075 - RENOSTERBERG","20-29","752","897","1649","2026-09-22"
"Municipality","6","Northern Cape","6614","NC075 - RENOSTERBERG","30-39","825","744","1569","2026-09-22"
"Municipality","6","Northern Cape","6614","NC075 - RENOSTERBERG","40-49","715","754","1469","2026-09-22"
"Municipality","6","Northern Cape","6614","NC075 - RENOSTERBERG","50-59","549","592","1141","2026-09-22"
"Municipality","6","Northern Cape","6614","NC075 - RENOSTERBERG","60-69","398","422","820","2026-09-22"
"Municipality","6","Northern Cape","6614","NC075 - RENOSTERBERG","70-79","186","251","437","2026-09-22"
"Municipality","6","Northern Cape","6614","NC075 - RENOSTERBERG","80+","40","86","126","2026-09-22"
"Municipality","6","Northern Cape","6615","NC076 - THEMBELIHLE","18-19","99","110","209","2026-09-22"
"Municipality","6","Northern Cape","6615","NC076 - THEMBELIHLE","20-29","843","942","1785","2026-09-22"
"Municipality","6","Northern Cape","6615","NC076 - THEMBELIHLE","30-39","1070","1183","2253","2026-09-22"
"Municipality","6","Northern Cape","6615","NC076 - THEMBELIHLE","40-49","984","1079","2063","2026-09-22"
"Municipality","6","Northern Cape","6615","NC076 - THEMBELIHLE","50-59","826","879","1705","2026-09-22"
"Municipality","6","Northern Cape","6615","NC076 - THEMBELIHLE","60-69","587","638","1225","2026-09-22"
"Municipality","6","Northern Cape","6615","NC076 - THEMBELIHLE","70-79","238","354","592","2026-09-22"
"Municipality","6","Northern Cape","6615","NC076 - THEMBELIHLE","80+","106","163","269","2026-09-22"
"Municipality","6","Northern Cape","6616","NC077 - SIYATHEMBA","18-19","203","222","425","2026-09-22"
"Municipality","6","Northern Cape","6616","NC077 - SIYATHEMBA","20-29","1269","1408","2677","2026-09-22"
"Municipality","6","Northern Cape","6616","NC077 - SIYATHEMBA","30-39","1599","1615","3214","2026-09-22"
"Municipality","6","Northern Cape","6616","NC077 - SIYATHEMBA","40-49","1456","1371","2827","2026-09-22"
"Municipality","6","Northern Cape","6616","NC077 - SIYATHEMBA","50-59","1081","1140","2221","2026-09-22"
"Municipality","6","Northern Cape","6616","NC077 - SIYATHEMBA","60-69","666","809","1475","2026-09-22"
"Municipality","6","Northern Cape","6616","NC077 - SIYATHEMBA","70-79","251","399","650","2026-09-22"
"Municipality","6","Northern Cape","6616","NC077 - SIYATHEMBA","80+","79","144","223","2026-09-22"
"Municipality","6","Northern Cape","6617","NC078 - SIYANCUMA","18-19","232","268","500","2026-09-22"
"Municipality","6","Northern Cape","6617","NC078 - SIYANCUMA","20-29","1800","2025","3825","2026-09-22"
"Municipality","6","Northern Cape","6617","NC078 - SIYANCUMA","30-39","2094","2524","4618","2026-09-22"
"Municipality","6","Northern Cape","6617","NC078 - SIYANCUMA","40-49","2062","2211","4273","2026-09-22"
"Municipality","6","Northern Cape","6617","NC078 - SIYANCUMA","50-59","1632","1762","3394","2026-09-22"
"Municipality","6","Northern Cape","6617","NC078 - SIYANCUMA","60-69","1034","1315","2349","2026-09-22"
"Municipality","6","Northern Cape","6617","NC078 - SIYANCUMA","70-79","476","633","1109","2026-09-22"
"Municipality","6","Northern Cape","6617","NC078 - SIYANCUMA","80+","154","289","443","2026-09-22"
"Municipality","6","Northern Cape","6621","NC082 - KAI !GARIB","18-19","350","361","711","2026-09-22"
"Municipality","6","Northern Cape","6621","NC082 - KAI !GARIB","20-29","3179","3392","6571","2026-09-22"
"Municipality","6","Northern Cape","6621","NC082 - KAI !GARIB","30-39","4256","4215","8471","2026-09-22"
"Municipality","6","Northern Cape","6621","NC082 - KAI !GARIB","40-49","3863","3482","7345","2026-09-22"
"Municipality","6","Northern Cape","6621","NC082 - KAI !GARIB","50-59","2924","2975","5899","2026-09-22"
"Municipality","6","Northern Cape","6621","NC082 - KAI !GARIB","60-69","1713","2071","3784","2026-09-22"
"Municipality","6","Northern Cape","6621","NC082 - KAI !GARIB","70-79","628","995","1623","2026-09-22"
"Municipality","6","Northern Cape","6621","NC082 - KAI !GARIB","80+","201","376","577","2026-09-22"
"Municipality","6","Northern Cape","6623","NC084 - !KHEIS","18-19","161","205","366","2026-09-22"
"Municipality","6","Northern Cape","6623","NC084 - !KHEIS","20-29","1301","1416","2717","2026-09-22"
"Municipality","6","Northern Cape","6623","NC084 - !KHEIS","30-39","1201","1230","2431","2026-09-22"
"Municipality","6","Northern Cape","6623","NC084 - !KHEIS","40-49","1118","1118","2236","2026-09-22"
"Municipality","6","Northern Cape","6623","NC084 - !KHEIS","50-59","829","891","1720","2026-09-22"
"Municipality","6","Northern Cape","6623","NC084 - !KHEIS","60-69","501","574","1075","2026-09-22"
"Municipality","6","Northern Cape","6623","NC084 - !KHEIS","70-79","206","278","484","2026-09-22"
"Municipality","6","Northern Cape","6623","NC084 - !KHEIS","80+","47","102","149","2026-09-22"
"Municipality","6","Northern Cape","6624","NC085 - TSANTSABANE","18-19","235","275","510","2026-09-22"
"Municipality","6","Northern Cape","6624","NC085 - TSANTSABANE","20-29","2196","2322","4518","2026-09-22"
"Municipality","6","Northern Cape","6624","NC085 - TSANTSABANE","30-39","3501","3088","6589","2026-09-22"
"Municipality","6","Northern Cape","6624","NC085 - TSANTSABANE","40-49","3138","2312","5450","2026-09-22"
"Municipality","6","Northern Cape","6624","NC085 - TSANTSABANE","50-59","1747","1638","3385","2026-09-22"
"Municipality","6","Northern Cape","6624","NC085 - TSANTSABANE","60-69","849","975","1824","2026-09-22"
"Municipality","6","Northern Cape","6624","NC085 - TSANTSABANE","70-79","330","507","837","2026-09-22"
"Municipality","6","Northern Cape","6624","NC085 - TSANTSABANE","80+","90","204","294","2026-09-22"
"Municipality","6","Northern Cape","6625","NC086 - KGATELOPELE","18-19","121","126","247","2026-09-22"
"Municipality","6","Northern Cape","6625","NC086 - KGATELOPELE","20-29","789","908","1697","2026-09-22"
"Municipality","6","Northern Cape","6625","NC086 - KGATELOPELE","30-39","1165","1144","2309","2026-09-22"
"Municipality","6","Northern Cape","6625","NC086 - KGATELOPELE","40-49","1099","1107","2206","2026-09-22"
"Municipality","6","Northern Cape","6625","NC086 - KGATELOPELE","50-59","816","801","1617","2026-09-22"
"Municipality","6","Northern Cape","6625","NC086 - KGATELOPELE","60-69","526","603","1129","2026-09-22"
"Municipality","6","Northern Cape","6625","NC086 - KGATELOPELE","70-79","192","244","436","2026-09-22"
"Municipality","6","Northern Cape","6625","NC086 - KGATELOPELE","80+","35","78","113","2026-09-22"
"Municipality","6","Northern Cape","6627","NC087 - Dawid Kruiper","18-19","802","889","1691","2026-09-22"
"Municipality","6","Northern Cape","6627","NC087 - Dawid Kruiper","20-29","5742","6662","12404","2026-09-22"
"Municipality","6","Northern Cape","6627","NC087 - Dawid Kruiper","30-39","7256","7839","15095","2026-09-22"
"Municipality","6","Northern Cape","6627","NC087 - Dawid Kruiper","40-49","6758","6977","13735","2026-09-22"
"Municipality","6","Northern Cape","6627","NC087 - Dawid Kruiper","50-59","5282","5828","11110","2026-09-22"
"Municipality","6","Northern Cape","6627","NC087 - Dawid Kruiper","60-69","3046","3903","6949","2026-09-22"
"Municipality","6","Northern Cape","6627","NC087 - Dawid Kruiper","70-79","1092","1865","2957","2026-09-22"
"Municipality","6","Northern Cape","6627","NC087 - Dawid Kruiper","80+","382","825","1207","2026-09-22"
"Municipality","6","Northern Cape","6046","NC091 - Sol Plaatje","18-19","1377","1978","3355","2026-09-22"
"Municipality","6","Northern Cape","6046","NC091 - Sol Plaatje","20-29","10366","13520","23886","2026-09-22"
"Municipality","6","Northern Cape","6046","NC091 - Sol Plaatje","30-39","14554","16899","31453","2026-09-22"
"Municipality","6","Northern Cape","6046","NC091 - Sol Plaatje","40-49","15168","16512","31680","2026-09-22"
"Municipality","6","Northern Cape","6046","NC091 - Sol Plaatje","50-59","11463","13368","24831","2026-09-22"
"Municipality","6","Northern Cape","6046","NC091 - Sol Plaatje","60-69","6970","9291","16261","2026-09-22"
"Municipality","6","Northern Cape","6046","NC091 - Sol Plaatje","70-79","2793","4796","7589","2026-09-22"
"Municipality","6","Northern Cape","6046","NC091 - Sol Plaatje","80+","842","2148","2990","2026-09-22"
"Municipality","6","Northern Cape","6047","NC092 - Dikgatlong","18-19","269","343","612","2026-09-22"
"Municipality","6","Northern Cape","6047","NC092 - Dikgatlong","20-29","1970","2424","4394","2026-09-22"
"Municipality","6","Northern Cape","6047","NC092 - Dikgatlong","30-39","2479","2816","5295","2026-09-22"
"Municipality","6","Northern Cape","6047","NC092 - Dikgatlong","40-49","2572","2606","5178","2026-09-22"
"Municipality","6","Northern Cape","6047","NC092 - Dikgatlong","50-59","2013","2172","4185","2026-09-22"
"Municipality","6","Northern Cape","6047","NC092 - Dikgatlong","60-69","1225","1485","2710","2026-09-22"
"Municipality","6","Northern Cape","6047","NC092 - Dikgatlong","70-79","473","727","1200","2026-09-22"
"Municipality","6","Northern Cape","6047","NC092 - Dikgatlong","80+","151","302","453","2026-09-22"
"Municipality","6","Northern Cape","6048","NC093 - Magareng","18-19","212","226","438","2026-09-22"
"Municipality","6","Northern Cape","6048","NC093 - Magareng","20-29","1079","1221","2300","2026-09-22"
"Municipality","6","Northern Cape","6048","NC093 - Magareng","30-39","1387","1467","2854","2026-09-22"
"Municipality","6","Northern Cape","6048","NC093 - Magareng","40-49","1249","1328","2577","2026-09-22"
"Municipality","6","Northern Cape","6048","NC093 - Magareng","50-59","986","1133","2119","2026-09-22"
"Municipality","6","Northern Cape","6048","NC093 - Magareng","60-69","677","906","1583","2026-09-22"
"Municipality","6","Northern Cape","6048","NC093 - Magareng","70-79","269","475","744","2026-09-22"
"Municipality","6","Northern Cape","6048","NC093 - Magareng","80+","85","190","275","2026-09-22"
"Municipality","6","Northern Cape","6045","NC094 - Phokwane","18-19","430","414","844","2026-09-22"
"Municipality","6","Northern Cape","6045","NC094 - Phokwane","20-29","2656","3020","5676","2026-09-22"
"Municipality","6","Northern Cape","6045","NC094 - Phokwane","30-39","3742","4195","7937","2026-09-22"
"Municipality","6","Northern Cape","6045","NC094 - Phokwane","40-49","3650","3937","7587","2026-09-22"
"Municipality","6","Northern Cape","6045","NC094 - Phokwane","50-59","2674","3172","5846","2026-09-22"
"Municipality","6","Northern Cape","6045","NC094 - Phokwane","60-69","1822","2401","4223","2026-09-22"
"Municipality","6","Northern Cape","6045","NC094 - Phokwane","70-79","812","1253","2065","2026-09-22"
"Municipality","6","Northern Cape","6045","NC094 - Phokwane","80+","281","571","852","2026-09-22"
"Municipality","6","Northern Cape","6015","NC451 - Joe Morolong","18-19","1057","1135","2192","2026-09-22"
"Municipality","6","Northern Cape","6015","NC451 - Joe Morolong","20-29","5522","6424","11946","2026-09-22"
"Municipality","6","Northern Cape","6015","NC451 - Joe Morolong","30-39","6209","7270","13479","2026-09-22"
"Municipality","6","Northern Cape","6015","NC451 - Joe Morolong","40-49","5306","6185","11491","2026-09-22"
"Municipality","6","Northern Cape","6015","NC451 - Joe Morolong","50-59","3706","4610","8316","2026-09-22"
"Municipality","6","Northern Cape","6015","NC451 - Joe Morolong","60-69","2858","3929","6787","2026-09-22"
"Municipality","6","Northern Cape","6015","NC451 - Joe Morolong","70-79","1325","2290","3615","2026-09-22"
"Municipality","6","Northern Cape","6015","NC451 - Joe Morolong","80+","441","1159","1600","2026-09-22"
"Municipality","6","Northern Cape","6012","NC452 - GA-SEGONYANA","18-19","958","1178","2136","2026-09-22"
"Municipality","6","Northern Cape","6012","NC452 - GA-SEGONYANA","20-29","5996","7797","13793","2026-09-22"
"Municipality","6","Northern Cape","6012","NC452 - GA-SEGONYANA","30-39","7746","9379","17125","2026-09-22"
"Municipality","6","Northern Cape","6012","NC452 - GA-SEGONYANA","40-49","7831","8419","16250","2026-09-22"
"Municipality","6","Northern Cape","6012","NC452 - GA-SEGONYANA","50-59","4684","5629","10313","2026-09-22"
"Municipality","6","Northern Cape","6012","NC452 - GA-SEGONYANA","60-69","2821","3675","6496","2026-09-22"
"Municipality","6","Northern Cape","6012","NC452 - GA-SEGONYANA","70-79","970","1736","2706","2026-09-22"
"Municipality","6","Northern Cape","6012","NC452 - GA-SEGONYANA","80+","282","742","1024","2026-09-22"
"Municipality","6","Northern Cape","6013","NC453 - GAMAGARA","18-19","366","425","791","2026-09-22"
"Municipality","6","Northern Cape","6013","NC453 - GAMAGARA","20-29","3541","3754","7295","2026-09-22"
"Municipality","6","Northern Cape","6013","NC453 - GAMAGARA","30-39","5254","4738","9992","2026-09-22"
"Municipality","6","Northern Cape","6013","NC453 - GAMAGARA","40-49","4747","3795","8542","2026-09-22"
"Municipality","6","Northern Cape","6013","NC453 - GAMAGARA","50-59","2665","2096","4761","2026-09-22"
"Municipality","6","Northern Cape","6013","NC453 - GAMAGARA","60-69","1181","1332","2513","2026-09-22"
"Municipality","6","Northern Cape","6013","NC453 - GAMAGARA","70-79","384","487","871","2026-09-22"
"Municipality","6","Northern Cape","6013","NC453 - GAMAGARA","80+","87","172","259","2026-09-22"
"Province","9","Western Cape","","","18-19","24605","34589","59194","2026-09-22"
"Province","9","Western Cape","","","20-29","206515","286315","492830","2026-09-22"
"Province","9","Western Cape","","","30-39","317740","399767","717507","2026-09-22"
"Province","9","Western Cape","","","40-49","351895","407429","759324","2026-09-22"
"Province","9","Western Cape","","","50-59","301252","348294","649546","2026-09-22"
"Province","9","Western Cape","","","60-69","196878","253908","450786","2026-09-22"
"Province","9","Western Cape","","","70-79","92954","136445","229399","2026-09-22"
"Province","9","Western Cape","","","80+","34123","63638","97761","2026-09-22"
"Municipality","9","Western Cape","9006","CPT - City of Cape Town","18-19","13003","19583","32586","2026-09-22"
"Municipality","9","Western Cape","9006","CPT - City of Cape Town","20-29","119972","174909","294881","2026-09-22"
"Municipality","9","Western Cape","9006","CPT - City of Cape Town","30-39","196654","256536","453190","2026-09-22"
"Municipality","9","Western Cape","9006","CPT - City of Cape Town","40-49","226597","269500","496097","2026-09-22"
"Municipality","9","Western Cape","9006","CPT - City of Cape Town","50-59","189196","221025","410221","2026-09-22"
"Municipality","9","Western Cape","9006","CPT - City of Cape Town","60-69","118563","156956","275519","2026-09-22"
"Municipality","9","Western Cape","9006","CPT - City of Cape Town","70-79","53557","83258","136815","2026-09-22"
"Municipality","9","Western Cape","9006","CPT - City of Cape Town","80+","20038","39091","59129","2026-09-22"
"Municipality","9","Western Cape","9902","WC011 - Matzikama","18-19","506","628","1134","2026-09-22"
"Municipality","9","Western Cape","9902","WC011 - Matzikama","20-29","2904","3646","6550","2026-09-22"
"Municipality","9","Western Cape","9902","WC011 - Matzikama","30-39","3760","4398","8158","2026-09-22"
"Municipality","9","Western Cape","9902","WC011 - Matzikama","40-49","3543","3686","7229","2026-09-22"
"Municipality","9","Western Cape","9902","WC011 - Matzikama","50-59","2975","3168","6143","2026-09-22"
"Municipality","9","Western Cape","9902","WC011 - Matzikama","60-69","2039","2355","4394","2026-09-22"
"Municipality","9","Western Cape","9902","WC011 - Matzikama","70-79","810","1124","1934","2026-09-22"
"Municipality","9","Western Cape","9902","WC011 - Matzikama","80+","237","544","781","2026-09-22"
"Municipality","9","Western Cape","9903","WC012 - Cederberg","18-19","256","346","602","2026-09-22"
"Municipality","9","Western Cape","9903","WC012 - Cederberg","20-29","2349","2783","5132","2026-09-22"
"Municipality","9","Western Cape","9903","WC012 - Cederberg","30-39","3235","3594","6829","2026-09-22"
"Municipality","9","Western Cape","9903","WC012 - Cederberg","40-49","2999","3042","6041","2026-09-22"
"Municipality","9","Western Cape","9903","WC012 - Cederberg","50-59","2477","2731","5208","2026-09-22"
"Municipality","9","Western Cape","9903","WC012 - Cederberg","60-69","1693","1958","3651","2026-09-22"
"Municipality","9","Western Cape","9903","WC012 - Cederberg","70-79","705","881","1586","2026-09-22"
"Municipality","9","Western Cape","9903","WC012 - Cederberg","80+","229","434","663","2026-09-22"
"Municipality","9","Western Cape","9904","WC013 - Bergrivier","18-19","249","352","601","2026-09-22"
"Municipality","9","Western Cape","9904","WC013 - Bergrivier","20-29","2042","2557","4599","2026-09-22"
"Municipality","9","Western Cape","9904","WC013 - Bergrivier","30-39","2671","3309","5980","2026-09-22"
"Municipality","9","Western Cape","9904","WC013 - Bergrivier","40-49","2864","3216","6080","2026-09-22"
"Municipality","9","Western Cape","9904","WC013 - Bergrivier","50-59","3094","3356","6450","2026-09-22"
"Municipality","9","Western Cape","9904","WC013 - Bergrivier","60-69","2393","2986","5379","2026-09-22"
"Municipality","9","Western Cape","9904","WC013 - Bergrivier","70-79","1250","1561","2811","2026-09-22"
"Municipality","9","Western Cape","9904","WC013 - Bergrivier","80+","345","690","1035","2026-09-22"
"Municipality","9","Western Cape","9905","WC014 - Saldanha Bay","18-19","643","814","1457","2026-09-22"
"Municipality","9","Western Cape","9905","WC014 - Saldanha Bay","20-29","5353","6818","12171","2026-09-22"
"Municipality","9","Western Cape","9905","WC014 - Saldanha Bay","30-39","7531","8833","16364","2026-09-22"
"Municipality","9","Western Cape","9905","WC014 - Saldanha Bay","40-49","7419","7690","15109","2026-09-22"
"Municipality","9","Western Cape","9905","WC014 - Saldanha Bay","50-59","6292","6901","13193","2026-09-22"
"Municipality","9","Western Cape","9905","WC014 - Saldanha Bay","60-69","4768","6033","10801","2026-09-22"
"Municipality","9","Western Cape","9905","WC014 - Saldanha Bay","70-79","2385","2904","5289","2026-09-22"
"Municipality","9","Western Cape","9905","WC014 - Saldanha Bay","80+","653","1031","1684","2026-09-22"
"Municipality","9","Western Cape","9906","WC015 - Swartland","18-19","560","985","1545","2026-09-22"
"Municipality","9","Western Cape","9906","WC015 - Swartland","20-29","3214","4795","8009","2026-09-22"
"Municipality","9","Western Cape","9906","WC015 - Swartland","30-39","5017","6464","11481","2026-09-22"
"Municipality","9","Western Cape","9906","WC015 - Swartland","40-49","5559","6326","11885","2026-09-22"
"Municipality","9","Western Cape","9906","WC015 - Swartland","50-59","5636","6055","11691","2026-09-22"
"Municipality","9","Western Cape","9906","WC015 - Swartland","60-69","3791","4509","8300","2026-09-22"
"Municipality","9","Western Cape","9906","WC015 - Swartland","70-79","1788","2383","4171","2026-09-22"
"Municipality","9","Western Cape","9906","WC015 - Swartland","80+","550","1050","1600","2026-09-22"
"Municipality","9","Western Cape","9909","WC022 - Witzenberg","18-19","345","455","800","2026-09-22"
"Municipality","9","Western Cape","9909","WC022 - Witzenberg","20-29","3340","4036","7376","2026-09-22"
"Municipality","9","Western Cape","9909","WC022 - Witzenberg","30-39","5424","6178","11602","2026-09-22"
"Municipality","9","Western Cape","9909","WC022 - Witzenberg","40-49","6027","6274","12301","2026-09-22"
"Municipality","9","Western Cape","9909","WC022 - Witzenberg","50-59","5402","5721","11123","2026-09-22"
"Municipality","9","Western Cape","9909","WC022 - Witzenberg","60-69","3024","3449","6473","2026-09-22"
"Municipality","9","Western Cape","9909","WC022 - Witzenberg","70-79","1098","1462","2560","2026-09-22"
"Municipality","9","Western Cape","9909","WC022 - Witzenberg","80+","323","656","979","2026-09-22"
"Municipality","9","Western Cape","9910","WC023 - Drakenstein","18-19","1207","1501","2708","2026-09-22"
"Municipality","9","Western Cape","9910","WC023 - Drakenstein","20-29","8643","11623","20266","2026-09-22"
"Municipality","9","Western Cape","9910","WC023 - Drakenstein","30-39","12912","16631","29543","2026-09-22"
"Municipality","9","Western Cape","9910","WC023 - Drakenstein","40-49","14380","16729","31109","2026-09-22"
"Municipality","9","Western Cape","9910","WC023 - Drakenstein","50-59","13702","16006","29708","2026-09-22"
"Municipality","9","Western Cape","9910","WC023 - Drakenstein","60-69","8833","11504","20337","2026-09-22"
"Municipality","9","Western Cape","9910","WC023 - Drakenstein","70-79","3725","5502","9227","2026-09-22"
"Municipality","9","Western Cape","9910","WC023 - Drakenstein","80+","1125","2349","3474","2026-09-22"
"Municipality","9","Western Cape","9911","WC024 - Stellenbosch","18-19","1426","1859","3285","2026-09-22"
"Municipality","9","Western Cape","9911","WC024 - Stellenbosch","20-29","10580","13764","24344","2026-09-22"
"Municipality","9","Western Cape","9911","WC024 - Stellenbosch","30-39","10186","11983","22169","2026-09-22"
"Municipality","9","Western Cape","9911","WC024 - Stellenbosch","40-49","10180","11183","21363","2026-09-22"
"Municipality","9","Western Cape","9911","WC024 - Stellenbosch","50-59","7967","9154","17121","2026-09-22"
"Municipality","9","Western Cape","9911","WC024 - Stellenbosch","60-69","4779","5990","10769","2026-09-22"
"Municipality","9","Western Cape","9911","WC024 - Stellenbosch","70-79","2132","2955","5087","2026-09-22"
"Municipality","9","Western Cape","9911","WC024 - Stellenbosch","80+","730","1405","2135","2026-09-22"
"Municipality","9","Western Cape","9912","WC025 - Breede Valley","18-19","606","782","1388","2026-09-22"
"Municipality","9","Western Cape","9912","WC025 - Breede Valley","20-29","5050","6692","11742","2026-09-22"
"Municipality","9","Western Cape","9912","WC025 - Breede Valley","30-39","7444","9667","17111","2026-09-22"
"Municipality","9","Western Cape","9912","WC025 - Breede Valley","40-49","8546","9923","18469","2026-09-22"
"Municipality","9","Western Cape","9912","WC025 - Breede Valley","50-59","7961","9237","17198","2026-09-22"
"Municipality","9","Western Cape","9912","WC025 - Breede Valley","60-69","4981","6608","11589","2026-09-22"
"Municipality","9","Western Cape","9912","WC025 - Breede Valley","70-79","2123","3207","5330","2026-09-22"
"Municipality","9","Western Cape","9912","WC025 - Breede Valley","80+","637","1373","2010","2026-09-22"
"Municipality","9","Western Cape","9913","WC026 - Langeberg","18-19","294","416","710","2026-09-22"
"Municipality","9","Western Cape","9913","WC026 - Langeberg","20-29","2935","3703","6638","2026-09-22"
"Municipality","9","Western Cape","9913","WC026 - Langeberg","30-39","4400","5505","9905","2026-09-22"
"Municipality","9","Western Cape","9913","WC026 - Langeberg","40-49","4486","5421","9907","2026-09-22"
"Municipality","9","Western Cape","9913","WC026 - Langeberg","50-59","4462","5323","9785","2026-09-22"
"Municipality","9","Western Cape","9913","WC026 - Langeberg","60-69","3068","3878","6946","2026-09-22"
"Municipality","9","Western Cape","9913","WC026 - Langeberg","70-79","1390","1907","3297","2026-09-22"
"Municipality","9","Western Cape","9913","WC026 - Langeberg","80+","471","884","1355","2026-09-22"
"Municipality","9","Western Cape","9916","WC031 - Theewaterskloof","18-19","388","471","859","2026-09-22"
"Municipality","9","Western Cape","9916","WC031 - Theewaterskloof","20-29","4479","5451","9930","2026-09-22"
"Municipality","9","Western Cape","9916","WC031 - Theewaterskloof","30-39","7791","8045","15836","2026-09-22"
"Municipality","9","Western Cape","9916","WC031 - Theewaterskloof","40-49","7256","7348","14604","2026-09-22"
"Municipality","9","Western Cape","9916","WC031 - Theewaterskloof","50-59","6021","6255","12276","2026-09-22"
"Municipality","9","Western Cape","9916","WC031 - Theewaterskloof","60-69","3642","4168","7810","2026-09-22"
"Municipality","9","Western Cape","9916","WC031 - Theewaterskloof","70-79","1413","1960","3373","2026-09-22"
"Municipality","9","Western Cape","9916","WC031 - Theewaterskloof","80+","474","816","1290","2026-09-22"
"Municipality","9","Western Cape","9917","WC032 - Overstrand","18-19","440","585","1025","2026-09-22"
"Municipality","9","Western Cape","9917","WC032 - Overstrand","20-29","3342","4430","7772","2026-09-22"
"Municipality","9","Western Cape","9917","WC032 - Overstrand","30-39","5605","6793","12398","2026-09-22"
"Municipality","9","Western Cape","9917","WC032 - Overstrand","40-49","6398","7079","13477","2026-09-22"
"Municipality","9","Western Cape","9917","WC032 - Overstrand","50-59","5472","6219","11691","2026-09-22"
"Municipality","9","Western Cape","9917","WC032 - Overstrand","60-69","4865","6084","10949","2026-09-22"
"Municipality","9","Western Cape","9917","WC032 - Overstrand","70-79","3754","4863","8617","2026-09-22"
"Municipality","9","Western Cape","9917","WC032 - Overstrand","80+","1661","2441","4102","2026-09-22"
"Municipality","9","Western Cape","9918","WC033 - Cape Agulhas","18-19","165","191","356","2026-09-22"
"Municipality","9","Western Cape","9918","WC033 - Cape Agulhas","20-29","1508","1827","3335","2026-09-22"
"Municipality","9","Western Cape","9918","WC033 - Cape Agulhas","30-39","2145","2482","4627","2026-09-22"
"Municipality","9","Western Cape","9918","WC033 - Cape Agulhas","40-49","2045","2154","4199","2026-09-22"
"Municipality","9","Western Cape","9918","WC033 - Cape Agulhas","50-59","1880","2155","4035","2026-09-22"
"Municipality","9","Western Cape","9918","WC033 - Cape Agulhas","60-69","1640","2031","3671","2026-09-22"
"Municipality","9","Western Cape","9918","WC033 - Cape Agulhas","70-79","880","1194","2074","2026-09-22"
"Municipality","9","Western Cape","9918","WC033 - Cape Agulhas","80+","299","589","888","2026-09-22"
"Municipality","9","Western Cape","9919","WC034 - Swellendam","18-19","205","285","490","2026-09-22"
"Municipality","9","Western Cape","9919","WC034 - Swellendam","20-29","2193","2527","4720","2026-09-22"
"Municipality","9","Western Cape","9919","WC034 - Swellendam","30-39","2691","2879","5570","2026-09-22"
"Municipality","9","Western Cape","9919","WC034 - Swellendam","40-49","2167","2216","4383","2026-09-22"
"Municipality","9","Western Cape","9919","WC034 - Swellendam","50-59","1829","2028","3857","2026-09-22"
"Municipality","9","Western Cape","9919","WC034 - Swellendam","60-69","1341","1563","2904","2026-09-22"
"Municipality","9","Western Cape","9919","WC034 - Swellendam","70-79","584","787","1371","2026-09-22"
"Municipality","9","Western Cape","9919","WC034 - Swellendam","80+","231","409","640","2026-09-22"
"Municipality","9","Western Cape","9922","WC041 - Kannaland","18-19","200","280","480","2026-09-22"
"Municipality","9","Western Cape","9922","WC041 - Kannaland","20-29","1167","1586","2753","2026-09-22"
"Municipality","9","Western Cape","9922","WC041 - Kannaland","30-39","1667","1848","3515","2026-09-22"
"Municipality","9","Western Cape","9922","WC041 - Kannaland","40-49","1387","1543","2930","2026-09-22"
"Municipality","9","Western Cape","9922","WC041 - Kannaland","50-59","1380","1553","2933","2026-09-22"
"Municipality","9","Western Cape","9922","WC041 - Kannaland","60-69","1038","1227","2265","2026-09-22"
"Municipality","9","Western Cape","9922","WC041 - Kannaland","70-79","429","613","1042","2026-09-22"
"Municipality","9","Western Cape","9922","WC041 - Kannaland","80+","163","281","444","2026-09-22"
"Municipality","9","Western Cape","9923","WC042 - Hessequa","18-19","338","378","716","2026-09-22"
"Municipality","9","Western Cape","9923","WC042 - Hessequa","20-29","2407","2964","5371","2026-09-22"
"Municipality","9","Western Cape","9923","WC042 - Hessequa","30-39","3043","3479","6522","2026-09-22"
"Municipality","9","Western Cape","9923","WC042 - Hessequa","40-49","3022","3302","6324","2026-09-22"
"Municipality","9","Western Cape","9923","WC042 - Hessequa","50-59","2913","3484","6397","2026-09-22"
"Municipality","9","Western Cape","9923","WC042 - Hessequa","60-69","2660","3315","5975","2026-09-22"
"Municipality","9","Western Cape","9923","WC042 - Hessequa","70-79","1731","2161","3892","2026-09-22"
"Municipality","9","Western Cape","9923","WC042 - Hessequa","80+","693","1105","1798","2026-09-22"
"Municipality","9","Western Cape","9924","WC043 - Mossel Bay","18-19","550","677","1227","2026-09-22"
"Municipality","9","Western Cape","9924","WC043 - Mossel Bay","20-29","3883","4940","8823","2026-09-22"
"Municipality","9","Western Cape","9924","WC043 - Mossel Bay","30-39","6236","7110","13346","2026-09-22"
"Municipality","9","Western Cape","9924","WC043 - Mossel Bay","40-49","7352","7759","15111","2026-09-22"
"Municipality","9","Western Cape","9924","WC043 - Mossel Bay","50-59","6535","7674","14209","2026-09-22"
"Municipality","9","Western Cape","9924","WC043 - Mossel Bay","60-69","6091","7580","13671","2026-09-22"
"Municipality","9","Western Cape","9924","WC043 - Mossel Bay","70-79","4256","5258","9514","2026-09-22"
"Municipality","9","Western Cape","9924","WC043 - Mossel Bay","80+","1575","2458","4033","2026-09-22"
"Municipality","9","Western Cape","9925","WC044 - George","18-19","917","1269","2186","2026-09-22"
"Municipality","9","Western Cape","9925","WC044 - George","20-29","7515","10402","17917","2026-09-22"
"Municipality","9","Western Cape","9925","WC044 - George","30-39","11084","13672","24756","2026-09-22"
"Municipality","9","Western Cape","9925","WC044 - George","40-49","12483","13601","26084","2026-09-22"
"Municipality","9","Western Cape","9925","WC044 - George","50-59","10910","12590","23500","2026-09-22"
"Municipality","9","Western Cape","9925","WC044 - George","60-69","7424","8922","16346","2026-09-22"
"Municipality","9","Western Cape","9925","WC044 - George","70-79","3777","5164","8941","2026-09-22"
"Municipality","9","Western Cape","9925","WC044 - George","80+","1581","2477","4058","2026-09-22"
"Municipality","9","Western Cape","9926","WC045 - Oudtshoorn","18-19","649","765","1414","2026-09-22"
"Municipality","9","Western Cape","9926","WC045 - Oudtshoorn","20-29","3902","4998","8900","2026-09-22"
"Municipality","9","Western Cape","9926","WC045 - Oudtshoorn","30-39","6282","6571","12853","2026-09-22"
"Municipality","9","Western Cape","9926","WC045 - Oudtshoorn","40-49","4775","5709","10484","2026-09-22"
"Municipality","9","Western Cape","9926","WC045 - Oudtshoorn","50-59","4573","5667","10240","2026-09-22"
"Municipality","9","Western Cape","9926","WC045 - Oudtshoorn","60-69","3083","4097","7180","2026-09-22"
"Municipality","9","Western Cape","9926","WC045 - Oudtshoorn","70-79","1400","2328","3728","2026-09-22"
"Municipality","9","Western Cape","9926","WC045 - Oudtshoorn","80+","520","1129","1649","2026-09-22"
"Municipality","9","Western Cape","9927","WC047 - Bitou","18-19","424","571","995","2026-09-22"
"Municipality","9","Western Cape","9927","WC047 - Bitou","20-29","2591","3367","5958","2026-09-22"
"Municipality","9","Western Cape","9927","WC047 - Bitou","30-39","3165","3910","7075","2026-09-22"
"Municipality","9","Western Cape","9927","WC047 - Bitou","40-49","3706","4116","7822","2026-09-22"
"Municipality","9","Western Cape","9927","WC047 - Bitou","50-59","2963","3305","6268","2026-09-22"
"Municipality","9","Western Cape","9927","WC047 - Bitou","60-69","1879","2309","4188","2026-09-22"
"Municipality","9","Western Cape","9927","WC047 - Bitou","70-79","1088","1333","2421","2026-09-22"
"Municipality","9","Western Cape","9927","WC047 - Bitou","80+","506","701","1207","2026-09-22"
"Municipality","9","Western Cape","9928","WC048 - Knysna","18-19","457","503","960","2026-09-22"
"Municipality","9","Western Cape","9928","WC048 - Knysna","20-29","2990","3545","6535","2026-09-22"
"Municipality","9","Western Cape","9928","WC048 - Knysna","30-39","4228","5019","9247","2026-09-22"
"Municipality","9","Western Cape","9928","WC048 - Knysna","40-49","4781","5383","10164","2026-09-22"
"Municipality","9","Western Cape","9928","WC048 - Knysna","50-59","4337","4863","9200","2026-09-22"
"Municipality","9","Western Cape","9928","WC048 - Knysna","60-69","3099","3652","6751","2026-09-22"
"Municipality","9","Western Cape","9928","WC048 - Knysna","70-79","1809","2299","4108","2026-09-22"
"Municipality","9","Western Cape","9928","WC048 - Knysna","80+","819","1147","1966","2026-09-22"
"Municipality","9","Western Cape","9931","WC051 - Laingsburg","18-19","93","96","189","2026-09-22"
"Municipality","9","Western Cape","9931","WC051 - Laingsburg","20-29","535","608","1143","2026-09-22"
"Municipality","9","Western Cape","9931","WC051 - Laingsburg","30-39","571","554","1125","2026-09-22"
"Municipality","9","Western Cape","9931","WC051 - Laingsburg","40-49","515","470","985","2026-09-22"
"Municipality","9","Western Cape","9931","WC051 - Laingsburg","50-59","427","507","934","2026-09-22"
"Municipality","9","Western Cape","9931","WC051 - Laingsburg","60-69","255","302","557","2026-09-22"
"Municipality","9","Western Cape","9931","WC051 - Laingsburg","70-79","100","163","263","2026-09-22"
"Municipality","9","Western Cape","9931","WC051 - Laingsburg","80+","34","55","89","2026-09-22"
"Municipality","9","Western Cape","9932","WC052 - Prince Albert","18-19","155","167","322","2026-09-22"
"Municipality","9","Western Cape","9932","WC052 - Prince Albert","20-29","955","1007","1962","2026-09-22"
"Municipality","9","Western Cape","9932","WC052 - Prince Albert","30-39","1020","993","2013","2026-09-22"
"Municipality","9","Western Cape","9932","WC052 - Prince Albert","40-49","747","761","1508","2026-09-22"
"Municipality","9","Western Cape","9932","WC052 - Prince Albert","50-59","632","684","1316","2026-09-22"
"Municipality","9","Western Cape","9932","WC052 - Prince Albert","60-69","480","515","995","2026-09-22"
"Municipality","9","Western Cape","9932","WC052 - Prince Albert","70-79","205","230","435","2026-09-22"
"Municipality","9","Western Cape","9932","WC052 - Prince Albert","80+","67","116","183","2026-09-22"
"Municipality","9","Western Cape","9933","WC053 - Beaufort West","18-19","529","630","1159","2026-09-22"
"Municipality","9","Western Cape","9933","WC053 - Beaufort West","20-29","2666","3337","6003","2026-09-22"
"Municipality","9","Western Cape","9933","WC053 - Beaufort West","30-39","2978","3314","6292","2026-09-22"
"Municipality","9","Western Cape","9933","WC053 - Beaufort West","40-49","2661","2998","5659","2026-09-22"
"Municipality","9","Western Cape","9933","WC053 - Beaufort West","50-59","2216","2633","4849","2026-09-22"
"Municipality","9","Western Cape","9933","WC053 - Beaufort West","60-69","1449","1917","3366","2026-09-22"
"Municipality","9","Western Cape","9933","WC053 - Beaufort West","70-79","565","948","1513","2026-09-22"
"Municipality","9","Western Cape","9933","WC053 - Beaufort West","80+","162","407","569","2026-09-22"
